image_path,number label,actual name,familiarity score,nameability score,color saliency,texture saliency,llava_output,llava_saliencies,llava_saliency_rate
data/images/noun/2001-600.jpg,2001,bee have trap,19,50,66,14,"['The image features two clear plastic eggs with a yellowish hue, sitting next to each other', 'The image features two yellow plastic containers, which appear to be made of a clear plastic material', 'The image features two clear plastic containers with a yellowish hue, possibly made of glass or', 'The image features two yellow plastic containers, possibly water bottles or storage containers, with a clear', 'The image features two clear plastic containers, each containing a small, round, yellow object. These', 'The image features a pair of bright yellow plastic containers, which appear to be designed for holding small', 'The image features two small, yellow plastic objects that resemble the shape of a head or a', 'The image features two bright yellow plastic containers, likely used for holding food or other items. They', 'The image features two plastic containers, each with a unique design. One container is shaped like', 'The image features two identical, transparent, plastic eggs or containers, each with a small hole in']","[(['Yellow'], ['Plastic']), (['Yellow'], ['Plastic']), (['Yellow'], ['Plastic']), (['Yellow'], ['Plastic']), (['Yellow'], ['Plastic']), (['Yellow'], ['Plastic']), (['Yellow'], ['Plastic']), (['Yellow'], ['Plastic']), ([], ['Plastic']), ([], ['Plastic', 'Transparent'])]","(80, 100)"
data/images/noun/2002-600.jpg,2002,bookend,22,83,59,9,"['The image features a red sculpture of a vase or urn, which appears to be made', 'The image features a red sculpture of a vase, possibly a ceramic or glass v', 'The image features a large, red sculpture of a vase or pitcher, placed on a', 'The image features a red vase with a curved design, standing on a red base. The', 'The image features a red vase, likely a sculpture or a piece of art, sitting on', 'The image features a red sculpture or statue, possibly a vase or a statue of a person', 'The image features a red sculpture, possibly a vase or a statue, with a curved', 'The image features a large red vase or sculpture with a curved design. It is position', 'The image features a red, sculpted vase with a curved shape, sitting on a white', 'The image features a red sculpture of a vase, which appears to be made of glass or']","[(['Red'], []), (['Red'], []), (['Red'], ['Lace']), (['Red', 'Tan'], []), (['Red'], []), (['Red'], []), (['Red'], []), (['Red'], []), (['Red', 'White'], []), (['Red'], [])]","(100, 10)"
data/images/noun/2003-600.jpg,2003,fidget toy,59,74,19,0,"['The image features a wooden toy, which appears to be a stack of colored blocks or a to', 'The image features a colorful wooden toy, made up of various shapes, including a square,', 'The image features a wooden toy made up of several colorful wooden blocks. The blocks are stack', 'The image features a wooden toy made up of several different colored blocks, resembling a color', 'The image features a colorful wooden toy, made up of various shapes and colors, including red', 'The image features a wooden puzzle toy, which is a three-dimensional puzzle made of', 'The image features a wooden puzzle made of various colored blocks. The puzzle is shaped like', 'The image features a wooden toy in the shape of a large letter ""H"" made out of', 'The image features a colorful wooden puzzle in the shape of a letter ""Y"" made of', 'The image features a wooden toy, which appears to be a puzzle or a stack of wooden']","[(['Red'], ['Wooden']), ([], ['Wooden']), ([], ['Wooden']), (['Red'], ['Wooden']), (['Red'], ['Wooden']), ([], ['Wooden']), (['Red'], ['Wooden']), ([], ['Wooden']), ([], ['Wooden']), ([], ['Wooden'])]","(40, 100)"
data/images/noun/2004-600.jpg,2004,pencil sharpener,41,70,48,52,"['The image features a close-up of a yellow and orange plastic ring with a hole in the', 'The image features a close-up view of a yellow and orange toy, possibly a rubber', 'The image features a bright orange toy with a hole in the center, sitting on a white background', 'The image features a bright orange plastic object with a hole in the middle. It is a close', 'The image features a brightly colored, round, and somewhat odd-shaped object. It appears', 'The image features a close-up view of a yellow and orange toy, which appears to be', 'The image features a bright yellow toy, which appears to be a piece of a toy or', 'The image features a brightly colored, yellow and orange plastic ring with a hole in the center', 'The image features a bright orange toy, likely a chew toy or a stuffed animal', 'The image features a bright yellow, plastic, circular object with a hole in the center. It']","[(['Orange', 'Yellow'], ['Plastic']), (['Orange', 'Yellow'], ['Rubber']), (['Orange'], []), (['Orange'], ['Plastic']), (['Red'], []), (['Orange', 'Yellow'], []), (['Yellow'], []), (['Red', 'Orange', 'Yellow'], ['Plastic']), (['Orange'], []), (['Yellow'], ['Plastic'])]","(100, 50)"
data/images/noun/2005-600.jpg,2005,fish tank stone,6,25,81,13,"[""The image features a colorful, abstract sculpture or artwork that resembles a bird'"", 'The image features a pink and yellow plastic piece, which appears to be a bird wing or', 'The image features a close-up of a pink, colorful, and possibly plastic or', 'The image features a colorful and abstract design, resembling a bird or a butterfly', ""The image features a pink, colorful, and somewhat abstract sculpture of a bird's"", 'The image features a close-up of a colorful, rainbow-colored wing, likely', ""The image features a pink plastic toy or model of a bird's wing. The"", 'The image features a pink and white plastic object, possibly a hat or a piece of art', ""The image features a pink and white sculpture of a bird's wing, possibly a but"", 'The image features a pink, rainbow-colored, and glittery angel wing']","[([], []), (['Yellow', 'Pink'], ['Plastic']), (['Pink'], ['Plastic']), ([], []), (['Pink'], []), (['Red'], []), (['Pink'], ['Plastic']), (['Pink', 'White'], ['Plastic']), (['Pink', 'White'], []), (['Red', 'Pink'], [])]","(80, 40)"
data/images/noun/2006-600.jpg,2006,space ship top,34,64,31,3,"['The image features a silver object, possibly a model or a toy, that resembles a', 'The image features a silver metal object with a dome-shaped top, resembling a', 'The image features a silver, metallic object that resembles a spaceship or a flying', 'The image features a silver, metallic, or chrome object that resembles a spaceship', 'The image features a silver object with a circular shape, resembling a silver dome or a', 'The image features a small silver metal object, which appears to be a silver top or a metal piece', 'The image features a small silver object, which appears to be a silver dome or a silver top', 'The image features a silver metal object, which appears to be a small, rounded top with a central', 'The image features a silver object with a circular shape, which could be a small satellite dish or', 'The image features a silver object with a circular shape and a central hole. It appears to be a']","[(['Silver'], []), (['Silver'], []), (['Silver'], ['Metallic']), (['Silver'], ['Metallic']), (['Silver'], []), (['Silver'], []), (['Silver'], []), (['Silver'], []), (['Silver'], []), (['Silver'], [])]","(100, 20)"
data/images/noun/2007-600.jpg,2007,air blower for slr cameras,22,46,78,6,"['The image features a black and red object, which appears to be a toy or a piece of', 'The image features a black rubber item, possibly a toy or a piece of sports equipment,', 'The image features a small black object, which appears to be a toy or a novelty item', 'The image features a black plastic object with a red tip, which appears to be a toy', 'The image features a small black plastic item, possibly a toy or a tool, with a', 'The image features a black plastic object, possibly a toy or a piece of sports equipment,', 'The image features a black object with a red tip, which appears to be a toy or a', 'The image features a small black object, possibly a sports ball, with a red top. The object', 'The image features a black object with a red top, which appears to be a black and red pl', 'The image features a black plastic object with a red plastic tip, sitting on a white background']","[(['Red', 'Black'], []), (['Black'], ['Rubber']), (['Black'], []), (['Red', 'Black'], ['Plastic']), (['Black'], ['Plastic']), (['Black'], ['Plastic']), (['Red', 'Black'], []), (['Red', 'Black'], []), (['Red', 'Black'], []), (['Red', 'Black'], ['Plastic'])]","(100, 50)"
data/images/noun/2008.jpg,2008,curlers formed together,34,25,48,16,"['The image features a close-up of a blue item, possibly a piece of art or a sculpt', 'The image features a close-up of a blue object that appears to be a combination of a blue', 'The image features a close-up view of a blue item, which appears to be a piece of', 'The image features a blue object, possibly a piece of art or a sculpture, that is sh', 'The image features a close-up of a blue object that looks like a twisted piece of rub', 'The image features a close-up view of a blue object, possibly a toy or a piece', 'The image features a blue, twisted object with a curled shape, which appears to be a', 'The image features a close-up of a blue, rubbery object that appears to be a', 'The image features a blue object with a curved shape, resembling a blue pipe or a', 'The image features a close-up view of three blue plastic tubes or pipes, arranged']","[(['Blue'], []), (['Blue'], []), (['Blue'], []), (['Blue'], []), (['Blue'], []), (['Blue'], []), (['Blue'], []), (['Blue'], ['Rubber']), (['Blue'], []), (['Blue'], ['Plastic'])]","(100, 20)"
data/images/noun/2009-600.jpg,2009,dog toy,47,78,65,45,"['The image features a close-up view of a bright orange, spiky object that resemb', 'The image features a close-up of a large, bright orange spiky ball, possibly a', 'The image features a close-up view of an orange, spiky object that resembles', 'The image features an orange, spiky, and somewhat unusual-looking object. It is placed', 'The image features a close-up view of an orange, spiky, and fuzzy', 'The image features a close-up of a bright orange, spiky, and oddly sh', 'The image features an orange, spiky, and oddly shaped object, which appears to', 'The image features an orange, spiky, and fuzzy object that resembles a', 'The image features a close-up of a bright orange, spiky, and somewhat unusual-', 'The image features an orange, fuzzy, and spiky object that resembles a']","[(['Orange'], []), (['Orange'], []), (['Orange'], []), (['Orange'], ['Lace']), (['Orange'], ['Fuzzy']), (['Orange'], []), (['Orange'], []), (['Orange'], ['Fuzzy']), (['Orange'], []), (['Orange'], ['Fuzzy'])]","(100, 40)"
data/images/noun/2010-600.jpg,2010,dog toy pet shop,66,52,50,25,"['The image features a close-up view of two red and blue balls, likely made of rubber', 'The image features two red and yellow rubber balls with blue dots, sitting on a white background', 'The image features a close-up view of two red and yellow balls, likely rubber balls,', 'The image features a pair of red and yellow balls, each with a blue dot on top. The', 'The image features two red and yellow plastic balls with a total of 14 dots on', 'The image features a close-up of two red and blue plastic balls with yellow dots on', 'The image features a close-up of two red and blue balls sitting next to each other on a', 'The image features a close-up of two red and yellow balls with blue spots, which appear', 'The image features a close-up view of a red and yellow ball with blue spots. The', 'The image features two red and yellow balls sitting on a white background. The balls are made of a']","[(['Red', 'Blue'], ['Rubber']), (['Red', 'Yellow', 'Blue'], ['Rubber']), (['Red', 'Yellow'], ['Rubber']), (['Red', 'Yellow', 'Blue'], []), (['Red', 'Yellow'], ['Plastic']), (['Red', 'Yellow', 'Blue'], ['Plastic']), (['Red', 'Blue'], []), (['Red', 'Yellow', 'Blue'], []), (['Red', 'Yellow', 'Blue'], []), (['Red', 'Yellow'], [])]","(100, 50)"
data/images/noun/2011-600.jpg,2011,noisemaker,22,75,88,3,"['The image features a green toy with an orange nose and two orange wheels. The toy', 'The image features a green and orange toy car with a face painted on it, sitting on a', 'The image features a green toy car with a distinctive orange nose, placed on a white background', 'The image features a green and orange plastic toy, possibly a toy car or a to', 'The image features a green and orange toy, possibly a toy car or a toy train', 'The image features a green and orange toy car, likely a toy car or a toy', 'The image features a green toy car with an orange nose, sitting on a white background. The', 'The image features a green and orange toy shaped like a face, with a big nose and', 'The image features a green toy with an orange nose, resembling a face. It is', 'The image features a green toy car with an orange nose, sitting on a white background. The']","[(['Orange', 'Green'], []), (['Orange', 'Green'], []), (['Orange', 'Green'], ['Lace']), (['Orange', 'Green'], ['Plastic']), (['Orange', 'Green'], []), (['Orange', 'Green'], []), (['Orange', 'Green'], []), (['Orange', 'Green'], []), (['Orange', 'Green'], []), (['Orange', 'Green'], [])]","(100, 20)"
data/images/noun/2012-600.jpg,2012,coiled worm toy,41,50,59,41,"['The image features a close-up of a bright pink, fuzzy, and squish', 'The image features a large, bright pink, fuzzy, and hairy object that res', 'The image features a large, bright pink, and orange plastic toy, resembling', 'The image features a close-up of a large, brightly colored, and oddly shaped', 'The image features a large, bright pink, and orange plastic toy or sculpture,', 'The image features a bright pink, red, and orange plastic toy with a unique,', 'The image features a close-up of a bright pink, rubbery, and fuz', 'The image features a large, bright pink, fuzzy, and squishy object that', 'The image features a close-up of a bright pink, odd-shaped object that res', 'The image features a close-up view of a bright pink, fuzzy, and squ']","[(['Pink'], ['Fuzzy']), (['Pink'], ['Fuzzy', 'Hairy']), (['Orange', 'Pink'], ['Plastic']), (['Red'], []), (['Orange', 'Pink'], ['Plastic']), (['Red', 'Orange', 'Pink'], ['Plastic']), (['Pink'], ['Rubber']), (['Pink'], ['Fuzzy']), (['Pink'], []), (['Pink'], ['Fuzzy'])]","(100, 80)"
data/images/noun/2013-600.jpg,2013,sling shot,6,20,87,6,"['The image features a bright orange and yellow toy in the shape of a head. The toy', 'The image features a bright orange and yellow toy, possibly a toy kitchen gadget or', 'The image features a unique and colorful toy, resembling a human head with an orange', 'The image features a close-up of a brightly colored, orange plastic object that looks like', 'The image features a close-up of an orange plastic object with a spout or top,', 'The image features a close-up view of a yellow and orange plastic toy, which appears', 'The image features a close-up view of a plastic orange toy, possibly a toy', 'The image features a bright orange and yellow plastic object, possibly a toy or a piece of', 'The image features a close-up of an orange plastic piece of art, possibly a sculpture', 'The image features a close-up of an orange and yellow toy, possibly a toy kitchen']","[(['Orange', 'Yellow'], []), (['Orange', 'Yellow'], []), (['Orange'], []), (['Red', 'Orange'], ['Plastic']), (['Orange'], ['Plastic']), (['Orange', 'Yellow'], ['Plastic']), (['Orange'], ['Plastic']), (['Orange', 'Yellow'], ['Plastic']), (['Orange'], ['Plastic']), (['Orange', 'Yellow'], [])]","(100, 60)"
data/images/noun/2014-600.jpg,2014,this light-up toy,38,75,39,0,"['The image features a colorful, rainbow-colored toy that resembles a micro', 'The image features a colorful, shiny, and sparkly toy with a clear plastic', 'The image features a pink and yellow toy, which appears to be a toy microphone', 'The image features a colorful, glittery toy that resembles a microphone or', 'The image features a colorful, plastic toy shaped like a microphone. It has', 'The image features a colorful, sparkly toy shaped like a microphone. The to', 'The image features a colorful, patterned toy, likely a toy microphone or a', 'The image features a colorful, patterned toy that appears to be a toy microphone', 'The image features a colorful, round, and shiny object, likely a toy or a', 'The image features a colorful toy shaped like a microphone, with a purple and']","[(['Red'], []), ([], ['Sparkly', 'Plastic', 'Shiny']), (['Yellow', 'Pink'], []), ([], []), ([], ['Plastic']), ([], ['Sparkly']), ([], []), ([], []), ([], ['Shiny']), (['Purple'], [])]","(30, 40)"
data/images/noun/2015-600.jpg,2015,ball catcher,38,78,55,10,"['The image features a blue plastic object with a circular design, possibly a piece of sports equipment or', 'The image features a blue plastic object with a circular pattern on it, possibly a protective cover', 'The image features a blue plastic object with a hole in the center, resembling a sports', 'The image features a blue plastic object with a hole in the center, resembling a blue', 'The image features a blue, plastic object that resembles a piece of sports equipment, possibly', 'The image features a blue plastic piece with a hole in the center, which is a protective', 'The image features a blue plastic item with a hole in the center, possibly a protective cover', 'The image features a blue object with a hole in the center, resembling a blue box or', 'The image features a blue sports helmet with a unique design. It has a square pattern on the', 'The image features a blue plastic object with a hole in the center, resembling a blue']","[(['Blue'], ['Plastic']), (['Blue'], ['Plastic']), (['Blue'], ['Plastic']), (['Blue'], ['Plastic']), (['Blue'], ['Plastic']), (['Blue'], ['Plastic']), (['Blue'], ['Plastic']), (['Blue'], []), (['Blue'], []), (['Blue'], ['Plastic'])]","(100, 80)"
data/images/noun/2016 600dpi.jpg,2016,bird toy,28,21,61,6,"['The image features a blue and white rug with a blue fringe, sitting on top of a white', 'The image features a blue and white rug on a white background. The rug has a scrubber', 'The image features a blue and white rug with a scrub brush on top of it. The', 'The image features a blue and white rug on a white background. The rug is made of a combination', 'The image features a blue and white rug with a yellow handle, which is placed on a white background', 'The image features a blue and white rug with a blue and white fringe, laying on a', 'The image features a blue and white rug with a fuzzy texture, possibly made of yarn', 'The image features a blue and white rug with a yellow top, placed on a white background. The', 'The image features a blue and white rug on a white background. The rug is in the shape of', 'The image features a blue and white rug with a yellow top, sitting on a white background. The']","[(['Blue', 'White'], []), (['Blue'], ['Rubber']), (['Blue', 'White'], []), (['Blue'], []), (['Yellow', 'Blue'], ['Lace']), (['Blue', 'White'], []), (['Blue', 'White'], ['Fuzzy']), (['Yellow', 'Blue'], ['Lace']), (['Blue'], []), (['Yellow', 'Blue'], [])]","(100, 40)"
data/images/noun/2017-600.jpg,2017,kenetic wheel,41,29,23,13,"['The image features a pair of metal clips with blue handles, which are attached to a metal wheel', 'The image features a small toy with a blue handle and a yellow wheel. The toy appears', 'The image features a small toy, possibly a science project or a model, made of metal and', ""The image features a small toy, possibly a child's toy or a science project,"", 'The image features a pair of metal clips with blue handles, which are connected to each other.', 'The image features a white background with a small metal clip holding a blue wheel and a yellow wheel.', 'The image features a small toy car with a blue clip on the top, sitting on a white', 'The image features a small, colorful toy on a white background. The toy is a', 'The image features a pair of metal clips, which are connected by a blue spring. The cli', 'The image features a close-up view of a small toy car on a track, which appears']","[(['Blue'], []), (['Yellow', 'Blue'], []), ([], []), ([], []), (['Blue'], []), (['Yellow', 'Blue'], []), (['Blue', 'White'], []), ([], []), (['Blue'], []), ([], [])]","(60, 0)"
data/images/noun/2018-600.jpg,2018,this coils string,16,50,61,6,"['The image features a yellow plastic bowl with a black top, placed on a white background.', 'The image features a yellow plastic bowl with a clear cover on top. The bowl is', 'The image features a small, yellow plastic bowl with a clear plastic cover. The bow', 'The image features a yellow bowl or container, possibly a light fixture or a bowl with', 'The image features a yellow plastic bowl sitting on a white background. The bowl has a', 'The image features a yellow plastic container with a clear lid, sitting on a white background. The', 'The image features a yellow plastic bowl or container with a clear top, sitting on a white', 'The image features a small, round, yellow plastic container with a clear plastic lid. The', 'The image features a yellow plastic bowl with a clear lid, sitting on a white background.', 'The image features a yellow plastic bowl or container with a transparent lid, placed on a white']","[(['Yellow', 'Black'], ['Plastic', 'Lace']), (['Yellow'], ['Plastic']), (['Yellow'], ['Plastic']), (['Yellow'], []), (['Yellow'], ['Plastic']), (['Yellow'], ['Plastic']), (['Yellow', 'White'], ['Plastic']), (['Yellow'], ['Plastic']), (['Yellow'], ['Plastic']), (['Yellow', 'White'], ['Plastic', 'Lace', 'Transparent'])]","(100, 90)"
data/images/noun/2019-600.jpg,2019,cat nip toy,31,67,38,25,"['The image features a brightly colored, odd-shaped plastic egg with a yellow and orange', 'The image features a brightly colored, oddly shaped toy, possibly a rubber egg', 'The image features a small, odd-shaped, and brightly colored plastic toy,', 'The image features a brightly colored, odd-shaped, and somewhat creepy toy', 'The image features a yellow and orange egg-shaped toy, possibly a rubber chicken', 'The image features a small, odd-shaped toy or decoration that resembles a', 'The image features a small, brightly colored egg-shaped object with a fuzzy top', 'The image features a small, brightly colored, and shiny plastic egg with a fuz', 'The image features a small, brightly colored, and oddly shaped plastic egg with a', 'The image features a small, brightly colored, and oddly shaped object, which appears to']","[(['Red', 'Orange', 'Yellow'], ['Plastic']), (['Red'], ['Rubber']), (['Red'], ['Plastic']), (['Red'], []), (['Orange', 'Yellow'], ['Rubber']), ([], []), (['Red'], ['Fuzzy']), (['Red'], ['Plastic', 'Shiny']), (['Red'], ['Plastic']), (['Red'], [])]","(90, 70)"
data/images/noun/2020.jpg,2020,jacobs ladder,41,36,29,6,"['The image features a stack of six colorful cushions, each with a different color and pattern', 'The image features a stack of five colorful mats, each with a different color and design.', 'The image features a white background with a stack of six colorful blocks. These blocks are made of', 'The image features a stack of five different colored cushions, each with a distinct color and pattern', 'The image features a white background with a stack of five colorful, rectangular-shaped c', 'The image features a stack of five colorful, rectangular cushions, each with a different', 'The image features a stack of six colorful foam blocks, each with a different color. These', 'The image features a stack of five colorful foam blocks, each with a different color and design', 'The image features a stack of five colorful cushions or pads, arranged neatly on', 'The image features a stack of six different colored cushion pads, each with a unique color']","[([], []), ([], []), ([], []), (['Red'], []), (['Tan'], []), (['Tan'], []), ([], []), ([], []), ([], []), (['Red'], [])]","(40, 0)"
data/images/noun/2021-600.jpg,2021,foam arrow,9,29,84,3,"['The image features a close-up view of a purple, pink, and green object,', 'The image features a close-up of a colorful, plastic item with a black center.', 'The image features a close-up view of a green and pink object with a black center.', 'The image features a close-up of a small, colorful, plastic object with a black', 'The image features a close-up view of a black and purple plastic item, which appears', 'The image features a white background with a black and pink object prominently displayed. The object', 'The image features a close-up view of a black and purple plastic piece, possibly a', 'The image features a close-up view of a small, colorful, and round object made of', 'The image features a close-up of a purple and green object with a black center. The', 'The image features a close-up view of a purple and pink plastic item, which']","[(['Green', 'Purple', 'Pink'], []), (['Black'], ['Plastic']), (['Green', 'Pink', 'Black'], []), (['Black'], ['Plastic']), (['Purple', 'Black'], ['Plastic']), (['Pink', 'Black'], []), (['Purple', 'Black'], ['Plastic']), ([], []), (['Green', 'Purple', 'Black'], []), (['Purple', 'Pink'], ['Plastic'])]","(90, 50)"
data/images/noun/2022-600.jpg,2022,marker,9,15,70,13,"['The image features a close-up of a green object, possibly a plastic or rubber item', 'The image features a close-up view of a green object, which appears to be a large,', 'The image features a close-up of a green plastic cone, which appears to be a light', 'The image features a green plastic cone or dome, which is sitting on a white background.', 'The image features a close-up view of a green plastic object, which appears to be a', 'The image features a green plastic object, possibly a container or a lid, with a circular shape', 'The image features a green plastic object, which appears to be a piece of a green object,', 'The image features a green plastic object with a conical shape, resembling a green cone', 'The image features a green plastic object that resembles a large, odd-shaped m', 'The image features a green plastic object, possibly a bottle or a vase, with a']","[(['Green'], ['Plastic', 'Rubber']), (['Green'], []), (['Green'], ['Plastic']), (['Green'], ['Plastic']), (['Green'], ['Plastic']), (['Green'], ['Plastic']), (['Green'], ['Plastic']), (['Green'], ['Plastic']), (['Green'], ['Plastic']), (['Green'], ['Plastic'])]","(100, 90)"
data/images/noun/2023-600.jpg,2023,color changing ball,13,31,87,17,"['The image features a white and black plastic top, which appears to be a broken or damaged', 'The image features a white and black sculpture made of white plastic cups and black plastic', 'The image features a white and black object, which appears to be a white bowl or a piece', 'The image features a white and black decorative object that resembles a flower, made up of', 'The image features a white and black object that resembles a flower, made up of several white', 'The image features a white and black spiral sculpture made of plastic, resembling a', 'The image features a white and black circular object, which appears to be a sculpture or a decor', 'The image features a white and black dome-shaped object with a hole in the center.', 'The image features a white and black object that resembles a flower, made from a combination of', 'The image features a white and black object, which appears to be a combination of a white bowl']","[(['Black', 'White'], ['Plastic']), (['Black', 'White'], ['Plastic']), (['Black', 'White'], []), (['Black', 'White'], []), (['Black', 'White'], []), (['Black', 'White'], ['Plastic']), (['Black', 'White'], []), (['Black', 'White'], []), (['Black', 'White'], []), (['Black', 'White'], [])]","(100, 30)"
data/images/noun/2024-600.jpg,2024,connected disk toy,81,44,41,3,"['The image features a yellow and blue object, which appears to be a toy or a piece of', 'The image features a colorful, circular object made of two different colored plastic pieces. The top', 'The image features a colorful toy, resembling a small carousel or a yellow and', 'The image features a yellow and red plastic toy in the shape of a circle with a blue', 'The image features a colorful, handmade wooden toy in the shape of a wheel. The', 'The image features a yellow and red toy, resembling a top or a wheel, made', ""The image features a toy, possibly a child's toy, made of two different colors"", 'The image features a yellow and red toy, which appears to be a small model of a space', 'The image features a yellow and red toy, resembling a top or a flying saucer', 'The image features a yellow and red toy, possibly a toy car or a toy plane']","[(['Yellow', 'Blue'], []), (['Red'], ['Plastic']), (['Yellow'], []), (['Red', 'Yellow', 'Blue'], ['Plastic']), ([], ['Wooden']), (['Red', 'Yellow'], []), ([], []), (['Red', 'Yellow'], []), (['Red', 'Yellow'], []), (['Red', 'Yellow'], [])]","(80, 30)"
data/images/noun/2025-600.jpg,2025,boomerang,6,14,58,13,"['The image features a blue plastic item, which appears to be a pair of shoes or sand', 'The image features a blue plastic object, which appears to be a pair of flippers or', 'The image features a blue plastic item, possibly a pair of sandals or flippers,', 'The image features a blue plastic object that resembles a pair of flippers or a', 'The image features a pair of blue flippers, possibly a blue water skis or a pair', 'The image features a pair of blue flippers or water skis, likely made of rubber', 'The image features a pair of blue plastic sandals, likely for a pool or beach setting.', 'The image features a blue object that resembles a pair of flippers or a shoe', 'The image features a blue object that resembles a pair of flippers or fins, with', 'The image features a blue plastic object that looks like a shoe or a sandal. It']","[(['Blue'], ['Plastic']), (['Blue'], ['Plastic']), (['Blue'], ['Plastic']), (['Blue'], ['Plastic']), (['Blue'], []), (['Blue'], ['Rubber']), (['Blue'], ['Plastic']), (['Blue'], []), (['Blue'], []), (['Blue'], ['Plastic'])]","(100, 70)"
data/images/noun/2026-600.jpg,2026,dog toy,16,71,63,17,"[""The image features a green toy shaped like a dog's leg. The toy is"", 'The image features a green toy dog with a red nose, placed on a white background. The', 'The image features a green and red dog toy, shaped like a shoe, sitting on', 'The image features a green toy shoe with a red shoe lace, sitting on a', 'The image features a green plastic toy dog, likely a chew toy, sitting on', ""The image features a green rubber toy shaped like a dog's leg, with a"", ""The image features a green toy shaped like a dog's leg, with a red foot"", 'The image features a green toy dog with a red tongue, sitting on a white background. The', ""The image features a green plastic toy shaped like a dog's tail. The tail"", 'The image features a green toy shoe with a red tongue and a blue sole, sitting on']","[(['Green'], []), (['Red', 'Green'], ['Lace']), (['Red', 'Green'], []), (['Red', 'Green'], ['Lace']), (['Green'], ['Plastic']), (['Green'], ['Rubber']), (['Red', 'Green'], []), (['Red', 'Green'], []), (['Green'], ['Plastic']), (['Red', 'Green', 'Blue'], [])]","(100, 50)"
data/images/noun/2027-600.jpg,2027,room freshener toy,22,38,47,9,"['The image features a white plastic ball with a hole in the center. It is positioned in', 'The image features a white plastic ball sitting on a white background. The ball appears to be a', 'The image features a white, round object that resembles a football or a sports ball. It', 'The image features a white, plastic sports ball with a hole in the middle. The ball appears', 'The image features a white plastic object with a hole in the center, resembling a d', 'The image features a white, round object that resembles a sports ball or a white helmet', 'The image features a white plastic object, possibly a sports ball or a toy, with a', 'The image features a white plastic object with a hole in the center, which appears to be a', 'The image features a white plastic ball with a hole in the middle, sitting on a white background', 'The image features a white, plastic, round object that resembles a ball or a sports']","[(['White'], ['Plastic']), ([], ['Plastic']), (['White'], []), (['White'], ['Plastic']), (['White'], ['Plastic']), (['White'], []), (['White'], ['Plastic']), (['White'], ['Plastic']), ([], ['Plastic']), (['White'], ['Plastic'])]","(80, 80)"
data/images/noun/2028-600.jpg,2028,cat toy found at the pound store,6,47,53,63,"['The image features a white background with a close-up view of a pink and white donut', 'The image features a close-up of a pink donut with white frosting, placed', 'The image features a close-up view of a pink donut with white frosting.', 'The image features a white background with a pink donut-shaped item hanging from a', 'The image features a white background with a close-up of a pink donut-shaped', 'The image features a white background with a pink and white donut-shaped object, which', 'The image features a close-up view of a pink donut with white frosting,', 'The image features a close-up of a donut with a pink frosting, which', 'The image features a close-up of a pink donut with white frosting and spr', 'The image features a white background with a large pink donut in the center, surrounded by four']","[(['Pink'], []), (['Pink', 'White'], ['Lace']), (['Pink', 'White'], []), (['Pink'], []), (['Pink'], []), (['Pink'], []), (['Pink', 'White'], []), (['Pink'], []), (['Pink', 'White'], []), (['Pink'], [])]","(100, 10)"
data/images/noun/2029-600.jpg,2029,cover for room fresheners,19,27,65,16,"['The image features a close-up of a black plastic piece, possibly a part of a g', 'The image features a black plastic object, which appears to be a piece of a plastic container', 'The image features a close-up of a black plastic piece with a hole in the middle.', 'The image features a black object with a circular hole in the center. The object appears to be a', 'The image features a black plastic piece with a hole in the center. It appears to be a', 'The image features a black object, possibly a piece of machinery or a part of a machine', 'The image features a black object that appears to be a part of a camera or a lens.', 'The image features a black plastic part, possibly a piece of a camera or a lens,', 'The image features a black plastic piece, possibly a part of a machine or an item, sitting', 'The image features a black object that appears to be a part of a camera, possibly a lens']","[(['Black'], ['Plastic']), (['Black'], ['Plastic']), (['Black'], ['Plastic']), (['Black'], []), (['Black'], ['Plastic']), (['Black'], []), (['Black'], []), (['Black'], ['Plastic']), (['Black'], ['Plastic']), (['Black'], [])]","(100, 60)"
data/images/noun/2030-600.jpg,2030,marker,9,43,53,0,"['The image features a small, blue ceramic statue of a person with a smiling face.', 'The image features a blue, plastic-looking object with a face, possibly a toy or', 'The image features a small, blue plastic object with a face painted on it. The object is', 'The image features a blue plastic object, possibly a toy or a decoration, with a', ""The image features a small, blue, ceramic object that resembles a person's"", 'The image features a blue plastic object that looks like a small statue or a ceramic piece', 'The image features a blue plastic toy or sculpture, which appears to be a head or', ""The image features a blue ceramic object that resembles a person's head. It"", 'The image features a blue ceramic vase with a face painted on it. The vase', 'The image features a blue, plastic, three-dimensional object that resembles a head with']","[(['Blue'], []), (['Blue'], ['Plastic']), (['Blue'], ['Plastic']), (['Blue'], ['Plastic']), (['Blue'], []), (['Blue'], ['Plastic']), (['Blue'], ['Plastic']), (['Blue'], []), (['Blue'], []), (['Blue'], ['Plastic'])]","(100, 60)"
data/images/noun/2031.jpg,2031,book end,16,32,35,26,"['The image features a close-up of a metal object that appears to be a piece of art or', 'The image features a silver metal piece that appears to be a metal bracket or a metal connector', 'The image features a close-up view of a metal piece, possibly a metal bracket or a', 'The image features a close-up view of a silver metal piece, possibly a metal bracket or', 'The image features a close-up of a silver metal piece, possibly a metal bracket or a', 'The image features a silver metal piece that is shaped like a chair, with a curved back', 'The image features a close-up view of a metal piece, possibly a metal bracket or a', 'The image features a silver metal bracelet with a unique, curved design. The brace', 'The image features a close-up view of a silver metal piece, possibly a metal bracket or', 'The image features a close-up view of a metal object, possibly a piece of jewel']","[([], []), (['Silver'], []), ([], []), (['Silver'], []), (['Silver'], []), (['Silver'], []), ([], []), (['Silver'], []), (['Silver'], []), ([], [])]","(60, 0)"
data/images/noun/2032-600.jpg,2032,submarine,47,90,50,3,"['The image features a small orange toy rocket with a blue nose, sitting on a white background', 'The image features a small orange toy rocket, which is a plastic model of a space', 'The image features a bright orange plastic toy shaped like a rocket. The rocket', 'The image features a small, orange toy rocket with a blue tail. It is sitting on', 'The image features a bright orange plastic toy rocket, which is designed to look like a', 'The image features a bright orange plastic rocket toy with a blue tail. The rocket', 'The image features a small orange toy rocket sitting on a white background. The rocket has', 'The image features a small orange toy rocket, which appears to be a toy car,', 'The image features a bright orange toy rocket with a blue tail, sitting on a white background', 'The image features a small orange toy rocket with a blue nose sitting on a white background.']","[(['Orange', 'Blue'], []), (['Orange'], ['Plastic']), (['Orange'], ['Plastic']), (['Orange', 'Blue'], []), (['Orange'], ['Plastic']), (['Orange', 'Blue'], ['Plastic']), (['Orange'], []), (['Orange'], []), (['Orange', 'Blue'], []), (['Orange', 'Blue'], [])]","(100, 40)"
data/images/noun/2033-600.jpg,2033,cat toy cage,9,57,55,3,"['The image features a green and orange plastic object, possibly a toy or a piece of sports', 'The image features a green and orange plastic tray with a unique design. The tray is', 'The image features a bright orange plastic object with a green trim. The object appears to be a', 'The image features a green and orange plastic object, which appears to be a container or a storage', 'The image features a small, bright orange plastic object with a green handle. It is a hand', 'The image features an orange plastic container with a green handle. The container is filled with stars,', 'The image features a bright orange plastic object with a green handle, which appears to be a piece', 'The image features a small, orange plastic container with a green handle. The container has a star', 'The image features a green and orange plastic container with a star pattern. The container is placed on', 'The image features a green and orange plastic object with a unique design, resembling a small']","[(['Orange', 'Green'], ['Plastic']), (['Orange', 'Green'], ['Plastic']), (['Orange', 'Green'], ['Plastic']), (['Orange', 'Green'], ['Plastic']), (['Orange', 'Green'], ['Plastic']), (['Orange', 'Green'], ['Plastic']), (['Orange', 'Green'], ['Plastic']), (['Orange', 'Green'], ['Plastic']), (['Orange', 'Green'], ['Plastic', 'Lace']), (['Orange', 'Green'], ['Plastic'])]","(100, 100)"
data/images/noun/2034-600.jpg,2034,worm ball with cut off hands or stars,72,39,45,26,"['The image features a pile of colorful, long, and curly plastic wigs,', 'The image features a large pile of brightly colored, rubbery, and curly hair', 'The image features a large pile of colorful, long, and wavy rubber nood', 'The image features a pile of brightly colored, curly, and twisted balloons', 'The image features a large pile of brightly colored, long, and wiggly plastic', 'The image features a large pile of brightly colored, long, and curly rubber to', 'The image features a large pile of colorful, long, and curly plastic tubing', 'The image features a large pile of colorful, long, and wiggly toys,', 'The image features a pile of brightly colored, long, and curly noodles,', 'The image features a large pile of colorful, rubbery, and wiggly objects']","[([], ['Plastic']), (['Red'], ['Rubber']), ([], ['Rubber']), (['Red'], []), (['Red'], ['Plastic']), (['Red'], ['Rubber']), ([], ['Plastic']), ([], []), (['Red'], []), ([], ['Rubber'])]","(50, 70)"
data/images/noun/2035-600.jpg,2035,giant pen with pen tip removed and cooper scourer pad on top,13,54,47,13,"['The image features a blue pen with a brown bristle head, sitting on a white background.', 'The image features a blue pen with a brown bristle head, sitting on a white background.', 'The image features a blue pen with a bristle brush head attached to it. The pen', 'The image features a blue pen with a brown bristle on the end, which is likely a', 'The image features a blue pen with a brown bristle brush attached to the top of it', 'The image features a blue pen with a brush or a brush head on top of it.', 'The image features a blue pen with a brown brush attached to the top of it. The pen', 'The image features a blue pen with a brown bristle on the end, sitting on a white', 'The image features a blue pen with a brush attached to it. The pen has a blue body', 'The image features a blue pen with a brown bristle brush attached to the top of it']","[(['Blue', 'Brown'], []), (['Blue', 'Brown'], []), (['Blue'], []), (['Blue', 'Brown'], []), (['Blue', 'Brown'], []), (['Blue'], []), (['Blue', 'Brown'], []), (['Blue', 'Brown', 'White'], []), (['Blue'], []), (['Blue', 'Brown'], [])]","(100, 0)"
data/images/noun/2036-600.jpg,2036,cup-and-ball toy,59,70,20,20,"['The image features a wooden toy, possibly a drum or a rattle, with a colorful', 'The image features a colorful wooden toy with a handle and a ball at the end. The', 'The image features a colorful wooden toy with a handle and a red ball attached to the end', 'The image features a wooden toy with a handle and a red ball attached to it. The to', 'The image features a wooden toy with a colorful design, resembling a drumstick', 'The image features a wooden toy with a handle and a ball at the end. The handle is', ""The image features a colorful wooden toy, which appears to be a child's toy"", 'The image features a wooden toy, possibly a toy drum, with a colorful design.', 'The image features a colorful wooden toy, possibly a toy drum or a toy top', 'The image features a colorful wooden toy with a handle, resembling a drumstick']","[([], ['Wooden']), ([], ['Wooden']), (['Red'], ['Wooden']), (['Red'], ['Wooden']), ([], ['Wooden']), ([], ['Wooden']), ([], ['Wooden']), ([], ['Wooden']), ([], ['Wooden']), ([], ['Wooden'])]","(20, 100)"
data/images/noun/2037-600.jpg,2037,teething ring with a bit photoshopped out,34,24,37,3,"['The image features a pink, plastic, round bracelet with a clear center. The', 'The image features a pink bracelet made of clear plastic or glass beads. The', 'The image features a pink bracelet made of clear plastic or acrylic beads', 'The image features a pink bracelet made of plastic or rubber, with three small', 'The image features a pink bracelet made of plastic or rubber, with three clear', 'The image features a pink bracelet made of plastic or glass, with a smooth and', 'The image features a pink, clear, and shiny bracelet made of plastic.', 'The image features a pink plastic bracelet with three small, round, pink be', 'The image features a pink plastic bracelet with three round beads attached to it.', 'The image features a pink plastic bracelet with three beads on it. The bra']","[(['Pink'], ['Plastic']), (['Pink'], ['Plastic']), (['Pink'], ['Plastic']), (['Pink'], ['Plastic', 'Rubber']), (['Pink'], ['Plastic', 'Rubber']), (['Pink'], ['Smooth', 'Plastic', 'Smooth', 'Smooth']), (['Pink'], ['Plastic', 'Shiny']), (['Pink'], ['Plastic']), (['Pink'], ['Plastic']), (['Pink'], ['Plastic'])]","(100, 100)"
data/images/noun/2038-600.jpg,2038,heart shaped slinky,56,63,26,6,"['The image features a group of colorful, twisted, and curled plastic noodles', 'The image features a close-up of a colorful, twisted, and curled strand', 'The image features a close-up of a rainbow-colored, twisted, and cur', 'The image features a large, colorful display of various colored, twisted, and curled hair', 'The image features a close-up of a colorful, twisted-up mass of colored strings', 'The image features a close-up of a colorful collection of long, curly, and tw', 'The image features a close-up of a colorful, spiral-shaped object made of', 'The image features a close-up of a colorful, wavy, and curly nood', 'The image features a large, colorful, and playful sculpture made of many different colored no', 'The image features a large, colorful pile of brightly colored, spiral-shaped']","[([], ['Plastic']), ([], []), (['Red'], []), (['Red'], []), (['Red'], []), ([], []), ([], []), ([], []), (['Red'], []), (['Red'], [])]","(50, 10)"
data/images/noun/2039-600.jpg,2039,led top,28,64,61,13,"['The image features a green plastic toy, resembling a cross, with a screw', 'The image features a green plastic toy in the shape of a cross. The toy is', 'The image features a green plastic toy in the shape of a cross. The toy is', 'The image features a green plastic item, possibly a toy or a piece of jewel', 'The image features a green plastic toy in the shape of a cross. It is a small', 'The image features a green plastic toy, resembling a cross or a four-s', 'The image features a green plastic toy in the shape of a cross. It appears to be', 'The image features a green plastic toy shaped like a cross. The toy is made', 'The image features a green plastic item that resembles a cross, with a green base and', 'The image features a green plastic toy, resembling a cross or a four-leaf']","[(['Green'], ['Plastic']), (['Green'], ['Plastic']), (['Green'], ['Plastic']), (['Green'], ['Plastic']), (['Green'], ['Plastic']), (['Green'], ['Plastic']), (['Green'], ['Plastic']), (['Green'], ['Plastic']), (['Green'], ['Plastic']), (['Green'], ['Plastic'])]","(100, 100)"
data/images/noun/2040-600.jpg,2040,rubber toy found in toy aisle,31,64,63,16,"['The image features a blue and yellow ball with a long, blue tentacle-like tail. The', 'The image features a small, blue, rubber ball with a yellow center. The ball is covered', 'The image features a blue and yellow ball, possibly a sports ball, with a long blue tentacle', 'The image features a blue and yellow ball with blue hairs, which is sitting on a white background', 'The image features a blue and yellow ball with long blue hairs on it, resembling a', 'The image features a blue and yellow ball with long, blue hairs sticking out of it.', 'The image features a small, bright blue ball with long blue hairs or tentacles coming out of', 'The image features a blue and yellow toy ball with long, blue tentacles extending from it.', 'The image features a blue and yellow ball with a long, blue hair on top. The ball is', 'The image features a blue and yellow ball with a long blue tentacle-like tail. The ball']","[(['Yellow', 'Blue'], []), (['Red', 'Yellow', 'Blue'], ['Rubber']), (['Yellow', 'Blue'], []), (['Yellow', 'Blue'], []), (['Yellow', 'Blue'], []), (['Yellow', 'Blue'], []), (['Blue'], []), (['Yellow', 'Blue'], []), (['Yellow', 'Blue'], []), (['Yellow', 'Blue'], [])]","(100, 10)"
data/images/noun/2041-600.jpg,2041,massager,34,38,23,20,"['The image features a wooden cross with four wooden balls attached to it. The cross is blue and has', 'The image features a wooden cross made of four wooden balls attached to a blue metal piece. The cross', 'The image features a wooden cross with four wooden balls attached to it. The cross is blue in color', 'The image features a wooden cross made of four wooden balls, each attached to a blue bolt.', 'The image features a wooden cross with four wooden balls attached to it. The cross is made of wood', 'The image features a wooden cross with four wooden circles attached to it. The cross is blue and made', 'The image features a wooden cross made of four wooden beads or balls, each attached to a blue', 'The image features a wooden cross with four wooden balls attached to it. The cross is blue in color', 'The image features a wooden cross with four wooden balls attached to it. The cross is blue in color', 'The image features a wooden cross with four wooden balls attached to it. The cross is blue and made']","[(['Blue'], ['Wooden']), (['Blue'], ['Wooden']), (['Blue'], ['Wooden']), (['Blue'], ['Wooden']), ([], ['Wooden']), (['Blue'], ['Wooden']), (['Blue'], ['Wooden']), (['Blue'], ['Wooden']), (['Blue'], ['Wooden']), (['Blue'], ['Wooden'])]","(90, 100)"
data/images/noun/2042-600.jpg,2042,small personal fan without blades,38,67,81,3,"['The image features a blue object with a yellow top, possibly a toy or a small gad', 'The image features a blue and yellow object with a hole in the middle. It is positioned in', 'The image features a blue and yellow toy car with a yellow steering wheel. The car is', ""The image features a blue and yellow plastic toy, which appears to be a child's"", 'The image features a blue and yellow toy, possibly a toy car or a toy gun', 'The image features a blue plastic toy, possibly a toy gun or a toy controller', 'The image features a blue and yellow toy car, which is shaped like a steering wheel', 'The image features a blue and yellow toy shaped like a hand, with a blue handle and', 'The image features a blue plastic object, possibly a toy or a piece of equipment, with', 'The image features a blue object with a yellow handle, which is designed to be a hair dryer']","[(['Yellow', 'Blue'], []), (['Yellow', 'Blue'], []), (['Yellow', 'Blue'], []), (['Yellow', 'Blue'], ['Plastic']), (['Yellow', 'Blue'], []), (['Blue'], ['Plastic']), (['Yellow', 'Blue'], []), (['Yellow', 'Blue'], []), (['Blue'], ['Plastic']), (['Yellow', 'Blue'], ['Dry'])]","(100, 40)"
data/images/noun/2043.jpg,2043,clacker,66,76,65,6,"['The image features a close-up of a yellow and green ball on a string, with the ball', 'The image features a close-up of a pink and yellow plastic toy, which appears', 'The image features a toy with a green and yellow ball attached to a pink handle. The', 'The image features a toy, likely a toy for a cat, consisting of a ball and', 'The image features a toy with a long green and yellow string, which is attached to a yellow', 'The image features a colorful toy, possibly a toy pencil or a toy', 'The image features a close-up of a colorful toy, possibly a toy banana', 'The image features a toy with a string attached to it. The toy consists of a yellow', 'The image features a colorful toy with a yellow, green, and pink ball attached to', 'The image features a close-up of a pink and yellow ball on a string, possibly a']","[(['Yellow', 'Green'], []), (['Yellow', 'Pink'], ['Plastic']), (['Yellow', 'Green', 'Pink'], []), ([], []), (['Yellow', 'Green'], []), ([], []), ([], []), (['Yellow'], []), (['Yellow', 'Green', 'Pink'], []), (['Yellow', 'Pink'], [])]","(70, 10)"
data/images/noun/2044-600.jpg,2044,diving toy with small weight,6,27,94,6,"['The image features a bright orange toy, which appears to be a toy car or a to', 'The image features a toy, which appears to be a toothbrush or a similar object', 'The image features a toy designed to look like a train with a blue ball on the front.', 'The image features a brightly colored orange and blue toy that resembles a large tooth', 'The image features a brightly colored toy with a blue ball attached to it. The toy', 'The image features a toy that resembles a large orange and blue tube with a blue', 'The image features a blue ball with a yellow ring around it, sitting on a white background. The', 'The image features a blue and orange toy, which appears to be a toothbrush or', 'The image features a toy with a blue ball on top of it, which is attached to a', 'The image features a toy with a blue ball and an orange and blue ring attached to it.']","[(['Orange'], []), ([], []), (['Blue'], []), (['Red', 'Orange', 'Blue'], []), (['Red', 'Blue'], []), (['Orange', 'Blue'], []), (['Yellow', 'Blue'], []), (['Orange', 'Blue'], []), (['Blue'], []), (['Orange', 'Blue'], [])]","(90, 0)"
data/images/noun/2045-600.jpg,2045,wooden ball toy,25,29,3,55,"['The image features a wooden spoon with a hole in the middle, sitting on a white background.', 'The image features a wooden spoon with a handle, sitting on a white background. The spoon', 'The image features a wooden object with four holes in it, resembling a wooden paddle or', 'The image features a wooden tool with three holes in it, resembling a wooden spoon.', 'The image features a wooden spoon with five holes in it, placed on a white background. The', 'The image features a wooden spoon with five holes in it, placed on a white background. The', 'The image features a wooden board with a hole in the middle, resembling a wooden pizza', 'The image features a wooden spoon with a wooden handle, sitting on a white background. The sp', 'The image features a wooden spoon with a wooden handle, which is placed on a white background.', 'The image features a wooden pizza cutter with a handle, which is designed to cut through p']","[([], ['Wooden']), ([], ['Wooden']), ([], ['Wooden']), ([], ['Wooden']), ([], ['Wooden', 'Lace']), ([], ['Wooden', 'Lace']), ([], ['Wooden']), ([], ['Wooden']), ([], ['Wooden', 'Lace']), ([], ['Rough', 'Wooden'])]","(0, 100)"
data/images/noun/2046-600.jpg,2046,keychain with bubbles inside,34,67,42,3,"['The image features a small, colorful, and clear case that is attached to a key chain.', 'The image features a small, colorful keychain with a clear plastic case. The keychain', 'The image features a small, colorful, plastic case with a chain attached to it. The', 'The image features a small, colorful, plastic case with a key chain attached to it.', 'The image features a small, colorful case with a key chain attached to it. The case is', 'The image features a small, square-shaped keychain with a clear case. Inside the case', 'The image features a small, clear case with a blue, green, and white design, likely containing', 'The image features a small, clear plastic box with a keychain attached to it. The key', 'The image features a small, colorful key chain with a compartment for holding small items. The', 'The image features a small, square-shaped case with a clear plastic cover. Inside the']","[([], []), ([], ['Plastic']), ([], ['Plastic']), ([], ['Plastic']), ([], []), ([], []), (['Green', 'Blue', 'White'], []), ([], ['Plastic']), ([], []), ([], ['Plastic'])]","(10, 50)"
data/images/noun/2047-600.jpg,2047,perfume sprayer,41,32,50,3,"['The image features a black and silver bottle, possibly a perfume bottle, sitting on a', 'The image features a small, black, cylindrical object with a silver top. It is placed', 'The image features a small, cylindrical bottle with a black and silver color scheme. It', 'The image features a close-up view of a silver bottle cap with a black top. The', 'The image features a small, round, black object with a silver top. The object appears to be', 'The image features a close-up view of a silver lid on a black bottle. The bott', 'The image features a small, round, black bottle with a silver top. The bottle is', 'The image features a small black bottle with a silver top, sitting on a white background. The', 'The image features a close-up of a silver bottle cap on a white background. The bott', 'The image features a black bottle with a silver top, which is placed on a white background.']","[(['Black', 'Silver'], []), (['Black', 'Silver'], ['Lace']), (['Black', 'Silver'], []), (['Black', 'Silver'], []), (['Black', 'Silver'], []), (['Black', 'Silver'], []), (['Black', 'Silver'], []), (['Black', 'Silver'], []), (['Silver'], []), (['Black', 'Silver'], ['Lace'])]","(100, 20)"
data/images/noun/2048-600.jpg,2048,worm ball with hands and stars cut off,13,47,55,6,"['The image features a large pile of colorful balls, including both rubber and plastic balls', 'The image features a stack of colorful balls, including both small and large ones, piled up', 'The image features a pile of colorful plastic balls stacked on top of each other.', 'The image features a pile of colorful plastic balls, which are stacked on top of', 'The image features a pile of colorful balls, including various types of sports balls and other balls', 'The image features a pile of colorful balls, including blue, green, pink, yellow', 'The image features a pile of colorful plastic balls, which are stacked on top of', 'The image features a pile of colorful plastic balls stacked on top of each other.', 'The image features a large pile of various colored balloons, including blue, green, yellow', 'The image features a pile of colorful balls, including a variety of different sizes and colors,']","[([], ['Plastic', 'Rubber']), ([], []), ([], ['Plastic']), ([], ['Plastic']), ([], []), (['Yellow', 'Green', 'Blue', 'Pink'], []), ([], ['Plastic']), ([], ['Plastic']), (['Red', 'Yellow', 'Green', 'Blue'], []), ([], [])]","(20, 50)"
data/images/noun/2049-600.jpg,2049,slide whistle,19,44,39,10,"['The image features a blue pen with a metal clip attached to it. The pen is lying flat on', 'The image features a blue pen with a clip attached to it. The pen is positioned horizont', 'The image features a blue pen with a metal clip attached to it, sitting on a white background.', 'The image features a blue pen with a metal clip attached to it, sitting on a white background.', 'The image features a blue pen with a clip attached to it. The pen is positioned horizont', 'The image features a blue pen with a metal clip attached to the top of it. The pen is', 'The image features a blue pencil with a metal clip attached to the end. The penc', 'The image features a blue pen with a metal clip attached to it, sitting on a white background.', 'The image features a blue pen with a metal clip attached to it. The pen is attached to a', 'The image features a blue pencil with a metal clip attached to the top. The penc']","[(['Blue'], []), (['Blue'], []), (['Blue'], []), (['Blue'], []), (['Blue'], []), (['Blue'], []), (['Blue'], []), (['Blue'], []), (['Blue'], []), (['Blue'], [])]","(100, 0)"
data/images/noun/2050-600.jpg,2050,mobile phone stand for a car,31,68,45,0,"['The image features a black, circular object with a hole in the center, sitting on a white background', 'The image features a black, round object with a hole in the center, which appears to be a', 'The image features a close-up view of a black plastic piece with a metal center, possibly', 'The image features a black round object with a hole in the center, which appears to be a small', 'The image features a black plastic object, which appears to be a black dome or a black', 'The image features a close-up of a black object, which appears to be a small black d', 'The image features a close-up of a black plastic object, possibly a black dome or', 'The image features a close-up view of a black object with a hole in the center, which', 'The image features a black plastic object with a metal top, sitting on a white background. It', 'The image features a close-up of a black plastic or rubber item, possibly a cover']","[(['Black'], []), (['Black'], []), (['Black'], ['Plastic']), (['Black'], []), (['Black'], ['Plastic']), (['Black'], []), (['Black'], ['Plastic']), (['Black'], []), (['Black'], ['Plastic']), (['Black'], ['Plastic', 'Rubber'])]","(100, 50)"
data/images/noun/2051-600.jpg,2051,finger castanet,53,60,47,9,"['The image features a green toy shaped like a toilet, which is designed to look', 'The image features a green toy shaped like a toilet, with a lid and a', 'The image features a green plastic toy, possibly a toy toilet or a green', 'The image features a green toy shaped like a toilet, which appears to be a', 'The image features a green toy with a hole in the middle, designed to look like a to', 'The image features a green plastic toy, which appears to be a toilet seat,', 'The image features a green plastic toy shaped like a toilet, with a lid', 'The image features a green toy shaped like a toilet, with a bowl and', 'The image features a green toy, possibly a toy car or a toy car seat,', 'The image features a green toy, possibly a toy car or a toy shaped like']","[(['Green'], []), (['Green'], []), (['Green'], ['Plastic']), (['Green'], []), (['Green'], []), (['Green'], ['Plastic']), (['Green'], ['Plastic']), (['Green'], []), (['Green'], []), (['Green'], [])]","(100, 30)"
data/images/noun/2052-600.jpg,2052,noisemaker,41,53,63,7,"['The image features a green umbrella with a pink handle, which is opened and standing u', 'The image features a green plastic toothbrush with a pink handle. The tooth', 'The image features a green umbrella-shaped object with a pink handle. The um', 'The image features a green plastic toothbrush holder with a pink toothbrush', 'The image features a green umbrella with a pink handle, placed upright in a', 'The image features a green plastic toothbrush holder with a pink toothbrush', 'The image features a green plastic tool with a pink handle, resembling a pair of', 'The image features a green umbrella with a pink handle. The umbrella is open', 'The image features a green plastic tool with two handles, resembling a pair of sciss', 'The image features a green plastic toothbrush holder with a pink toothbrush']","[(['Green', 'Pink', 'Tan'], []), (['Green', 'Pink'], ['Plastic']), (['Green', 'Pink'], []), (['Green', 'Pink'], ['Plastic']), (['Green', 'Pink'], ['Lace']), (['Green', 'Pink'], ['Plastic']), (['Green', 'Pink'], ['Plastic']), (['Green', 'Pink'], []), (['Green'], ['Plastic']), (['Green', 'Pink'], ['Plastic'])]","(100, 70)"
data/images/noun/2053-600.jpg,2053,hand castanet,44,79,45,6,"['The image features a red umbrella stand with a red umbrella attached to it. The', 'The image features a red metal pole with two black handles, which appear to be used for holding or', 'The image features a red metal object, possibly a pair of scissors, standing upright', 'The image features a red umbrella stand with a red umbrella attached to it. The', 'The image features a red metal object, possibly a piece of art or a sculpture, standing u', 'The image features a red umbrella stand with a red umbrella attached to it. The', 'The image features a red metal object, possibly a piece of machinery or a tool, standing', 'The image features a red metal pole with a red handle, which is positioned against a white background', 'The image features a red metal object with two black handles, which appears to be a piece of art', 'The image features a red wooden stick or pole with a red piece of metal or metal-like material']","[(['Red', 'Tan'], []), (['Red', 'Black'], []), (['Red', 'Tan'], []), (['Red', 'Tan'], []), (['Red', 'Tan'], []), (['Red', 'Tan'], []), (['Red', 'Tan'], []), (['Red'], []), (['Red', 'Black'], []), (['Red'], ['Wooden'])]","(100, 10)"
data/images/noun/2054-600.jpg,2054,floating ball game,3,25,38,48,"['The image features a wooden board with a red handle, sitting on a white background. The board appears', 'The image features a wooden tool with a red handle, likely used for a specific purpose. It is', 'The image features a wooden board with a red handle, which is likely used for a variety of purposes', 'The image features a wooden board or bar with a red knob or handle, placed on a white', 'The image features a wooden object with a red hook on the bottom. It is placed on a white', 'The image features a wooden tool with a red handle, possibly a wooden pencil or a similar', 'The image features a wooden tool with a red handle, sitting on a white background. The tool appears', 'The image features a wooden object, possibly a wooden plank or a piece of wood, with a', 'The image features a wooden block with a red handle on top of it. The block is placed on', 'The image features a wooden tool, likely a wooden plank or a wooden handle, sitting on a']","[(['Red'], ['Wooden']), (['Red'], ['Wooden']), (['Red'], ['Wooden']), (['Red', 'White'], ['Wooden', 'Lace']), (['Red', 'White'], ['Wooden', 'Lace']), (['Red'], ['Wooden']), (['Red'], ['Wooden']), ([], ['Wooden']), (['Red'], ['Wooden', 'Lace']), ([], ['Wooden'])]","(80, 100)"
data/images/noun/2055-600.jpg,2055,aroma therapy oil burner,13,33,53,13,"['The image features a yellow ceramic vase with a unique design, resembling a face', 'The image features a yellow vase with a unique design, resembling a stack of cups', 'The image features a bright yellow vase with a unique design, resembling a face or a', 'The image features a green vase with a unique design. It has multiple holes or openings on', 'The image features a green vase with a unique design. It has a series of holes or open', 'The image features a large, bright green vase with a unique design. The vase has multiple', 'The image features a yellow vase with a unique design, made up of several interconnected sections or', 'The image features a green vase with a unique design. The vase has a hole in the', 'The image features a green vase with a unique, spiral design. It has a hole in', 'The image features a green vase with a unique design, resembling a piece of art.']","[(['Yellow'], []), (['Yellow'], []), (['Yellow'], []), (['Green'], []), (['Green'], []), (['Green'], []), (['Yellow'], []), (['Green'], []), (['Green'], []), (['Green'], [])]","(100, 0)"
data/images/noun/2056-600.jpg,2056,dog toy,19,59,61,13,"['The image features a toy airplane made of blue, green, and red plastic. The', 'The image features a toy airplane made of a combination of blue, green, yellow, and', 'The image features a toy airplane made of a combination of blue, green, and red pl', 'The image features a blue and red toy shaped like an airplane. The toy is', 'The image features a toy, possibly a toy airplane, made of two different colored pl', 'The image features a colorful toy in the shape of an airplane, with a blue body', 'The image features a toy airplane made of various colors, including blue, green, yellow,', ""The image features a blue and red toy airplane, likely a children's toy,"", 'The image features a colorful toy in the shape of an airplane, which is made of', 'The image features a colorful toy, possibly a toy plane or a toy boat,']","[(['Red', 'Green', 'Blue'], ['Plastic']), (['Yellow', 'Green', 'Blue'], []), (['Red', 'Green', 'Blue'], []), (['Red', 'Blue'], []), (['Red'], []), (['Blue'], []), (['Yellow', 'Green', 'Blue'], []), (['Red', 'Blue'], []), ([], []), ([], [])]","(80, 10)"
data/images/noun/2057-600.jpg,2057,spout for watering can,34,32,35,3,"['The image features a red plastic object, possibly a frisbee or a disc, with', 'The image features a red object with a black top, sitting on a white background. The object appears', 'The image features a red, rubber-like object with a hole in the center. The object', 'The image features a red object, possibly a frisbee, with a black plastic cap', 'The image features a red plastic item with a hole in the center, sitting on a white background', 'The image features a red, plastic, round object with a black top. It appears to be', 'The image features a red object, possibly a plastic or rubber item, sitting on a white', 'The image features a red plastic object, possibly a frisbee or a red cone,', 'The image features a red plastic object with a black top, sitting on a white background. The', 'The image features a red, plastic object with a hole in the center, which is likely a']","[(['Red'], ['Plastic']), (['Red', 'Black'], []), (['Red'], ['Rubber']), (['Red', 'Black'], ['Plastic']), (['Red'], ['Plastic']), (['Red', 'Black'], ['Plastic']), (['Red', 'White'], ['Plastic', 'Rubber']), (['Red'], ['Plastic']), (['Red', 'Black'], ['Plastic']), (['Red'], ['Plastic'])]","(100, 90)"
data/images/noun/2058-600.jpg,2058,hole for children golf game,22,33,58,3,"['The image features a pink plastic ring, likely a doughnut or a ring-sh', 'The image features a pink plastic item, which appears to be a small, circular, flat', 'The image features a pink plastic ring, likely a hair brush guard or a hair br', 'The image features a pink plastic ring with a hole in the center. The ring is round', 'The image features a pink plastic ring, which appears to be a small piece of a circular', 'The image features a pink plastic item, possibly a piece of a toy or a m', 'The image features a pink plastic item, possibly a ring or a doughnut-sh', 'The image features a pink plastic item that appears to be a round, doughnut-', 'The image features a pink plastic item, possibly a piece of a toy or a pl', 'The image features a pink, plastic-like item that appears to be a doughnut']","[(['Pink'], ['Plastic']), (['Pink'], ['Plastic']), (['Pink'], ['Plastic']), (['Pink'], ['Plastic']), (['Pink'], ['Plastic']), (['Pink'], ['Plastic']), (['Pink'], ['Plastic']), (['Pink'], ['Plastic']), (['Pink'], ['Plastic']), (['Pink'], ['Plastic'])]","(100, 100)"
data/images/noun/2059-600.jpg,2059,maraca pen,75,92,28,0,"['The image features a purple dildo, which is a type of vibrator, sitting', 'The image features a close-up of a purple vibrator, which is a type of', 'The image features a close-up of a purple dildo, a type of adult to', 'The image features a purple dildo, a type of vibrator, placed on a', 'The image features a close-up of a purple vibrator, with the vibrator', 'The image features a purple vibrator, which is a type of adult toy, placed', 'The image features a purple vibrator, which is a type of adult toy, sitting', 'The image features a purple vibrator placed on a white background. The vibrator is', 'The image features a purple vibrator, which is a type of sex toy, sitting', 'The image features a purple vibrator, which is a type of sex toy, placed']","[(['Purple'], []), (['Purple'], []), (['Purple'], []), (['Purple'], ['Lace']), (['Purple'], []), (['Purple'], ['Lace']), (['Purple'], []), (['Purple'], ['Lace']), (['Purple'], []), (['Purple'], ['Lace'])]","(100, 40)"
data/images/noun/2060-600.jpg,2060,dog toy with removed rope,38,32,55,29,"['The image features a large, red, round object that resembles a candy or a piece', 'The image features a close-up of a red glass ball with a clear center, sitting on a', 'The image features a close-up view of a red, plastic-like object, which appears', 'The image features a close-up of a red plastic object that looks like a flower or a', 'The image features a close-up view of a red, glass-like object with a central hole', 'The image features a close-up of a red glass object that looks like a flower. It is', 'The image features a close-up of a red glass flower with a clear center, surrounded by a', 'The image features a large, red, glass-like ball with a hollow center. The ball', 'The image features a close-up of a red, glass-like object with a round shape,', 'The image features a close-up view of a red glass ball with a clear center, surrounded by']","[(['Red'], []), (['Red'], []), (['Red'], ['Plastic']), (['Red'], ['Plastic']), (['Red'], []), (['Red'], []), (['Red'], []), (['Red'], []), (['Red'], []), (['Red'], [])]","(100, 20)"
data/images/noun/2061-600.jpg,2061,dog toy,53,53,59,13,"['The image features a green, colorful, and multi-colored toy, which appears to', 'The image features a green and blue doughnut-shaped toy with a hole in the', 'The image features a green and yellow toy, which appears to be a large, colorful,', 'The image features a green, colorful, and multi-colored plastic toy, res', 'The image features a green and blue toy, which appears to be a plastic toy with', 'The image features a green, multi-colored, and multi-textured plastic toy', 'The image features a close-up of a green and blue donut-shaped toy,', 'The image features a green and yellow plastic toy, resembling a large donut or', 'The image features a green and yellow toy with a hole in the center, which is likely a', 'The image features a green, colorful, and round plastic toy, which appears to be']","[(['Red', 'Green'], []), (['Green', 'Blue'], []), (['Yellow', 'Green'], []), (['Red', 'Green'], ['Plastic']), (['Green', 'Blue'], ['Plastic']), (['Red', 'Green'], ['Plastic']), (['Green', 'Blue'], []), (['Yellow', 'Green'], ['Plastic']), (['Yellow', 'Green'], []), (['Green'], ['Plastic'])]","(100, 50)"
data/images/noun/2062-600.jpg,2062,dog toy,44,56,29,42,"['The image features a close-up view of an orange beaded necklace. The necklace is', 'The image features a close-up of an orange beaded necklace. The necklace consists of', 'The image features a close-up view of an orange beaded necklace. The necklace is', 'The image features a large, bright orange beaded necklace with a row of orange beads.', 'The image features a close-up of an orange beaded necklace. The necklace consists of', 'The image features an orange beaded necklace with a large orange bead at the center. The', 'The image features an orange beaded necklace with a circular design. The necklace is made of', 'The image features an orange beaded necklace with a large orange bead in the center. The', 'The image features a large, round orange bead or orange jewelry piece with a sp', 'The image features a close-up of a red plastic ring with orange beads on it.']","[(['Orange'], ['Lace']), (['Orange'], ['Lace']), (['Orange'], ['Lace']), (['Orange'], ['Lace']), (['Orange'], ['Lace']), (['Orange'], ['Lace']), (['Orange'], ['Lace']), (['Orange'], ['Lace']), (['Orange'], []), (['Red', 'Orange'], ['Plastic'])]","(100, 90)"
data/images/noun/2063-600.jpg,2063,magic loops,25,38,13,19,"['The image features a close-up view of a metal sculpture or a piece of artwork that', 'The image features a silver metal sculpture that resembles a planet, with a large sphere at', 'The image features a close-up of a silver, metallic, and colorful sculpture', 'The image features a silver metal sculpture or artwork, which appears to be a three-dimensional', 'The image features a silver, metal sculpture in the shape of a globe. The globe', 'The image features a large, intricately designed metal sculpture, resembling a globe', 'The image features a unique, three-dimensional model of the solar system. It is a metal sculpt', 'The image features a unique and intricate metal sculpture that resembles a planet or a spaces', 'The image features a unique, three-dimensional metal sculpture that resembles a planet or a', 'The image features a unique and artistic piece of jewelry, which appears to be a']","[([], []), (['Silver'], []), (['Silver'], ['Metallic']), (['Silver'], []), (['Silver'], []), ([], []), ([], []), ([], []), ([], []), ([], [])]","(40, 10)"
data/images/noun/2064-600.jpg,2064,massager,28,33,45,3,"['The image features a green plastic piece of art or decoration that appears to be a combination of', 'The image features a green object that appears to be a combination of a screw and a bottle', 'The image features a green, metallic, three-sided stopper with a screw', 'The image features a green and silver plastic item that looks like a bottle cap with a sc', 'The image features a green object with a screw on top, which is likely a cap or a', 'The image features a green and silver plastic object with a rounded top, which appears to be a', 'The image features a green, metallic, screw-like object that appears to be a', 'The image features a green object with a unique design, resembling a bottle cap or a', 'The image features a green object, which appears to be a toy or a decorative piece,', 'The image features a green, odd-shaped object with a screw on top. It appears']","[(['Green'], ['Plastic']), (['Green'], []), (['Green'], ['Metallic']), (['Green', 'Silver'], ['Plastic']), (['Green'], []), (['Green', 'Silver'], ['Plastic']), (['Green'], ['Metallic']), (['Green'], []), (['Green'], []), (['Green'], [])]","(100, 50)"
