index,image
2,data/images/quantifier/test_2.png
5,data/images/quantifier/test_5.png
13,data/images/quantifier/test_13.png
16,data/images/quantifier/test_16.png
20,data/images/quantifier/test_20.png
24,data/images/quantifier/test_24.png
25,data/images/quantifier/test_25.png
29,data/images/quantifier/test_29.png
37,data/images/quantifier/test_37.png
44,data/images/quantifier/test_44.png
46,data/images/quantifier/test_46.png
49,data/images/quantifier/test_49.png
52,data/images/quantifier/test_52.png
56,data/images/quantifier/test_56.png
60,data/images/quantifier/test_60.png
63,data/images/quantifier/test_63.png
66,data/images/quantifier/test_66.png
69,data/images/quantifier/test_69.png
76,data/images/quantifier/test_76.png
84,data/images/quantifier/test_84.png
86,data/images/quantifier/test_86.png
93,data/images/quantifier/test_93.png
95,data/images/quantifier/test_95.png
111,data/images/quantifier/test_111.png
112,data/images/quantifier/test_112.png
114,data/images/quantifier/test_114.png
115,data/images/quantifier/test_115.png
116,data/images/quantifier/test_116.png
117,data/images/quantifier/test_117.png
119,data/images/quantifier/test_119.png
121,data/images/quantifier/test_121.png
122,data/images/quantifier/test_122.png
128,data/images/quantifier/test_128.png
132,data/images/quantifier/test_132.png
134,data/images/quantifier/test_134.png
137,data/images/quantifier/test_137.png
143,data/images/quantifier/test_143.png
146,data/images/quantifier/test_146.png
148,data/images/quantifier/test_148.png
153,data/images/quantifier/test_153.png
155,data/images/quantifier/test_155.png
166,data/images/quantifier/test_166.png
170,data/images/quantifier/test_170.png
174,data/images/quantifier/test_174.png
176,data/images/quantifier/test_176.png
178,data/images/quantifier/test_178.png
180,data/images/quantifier/test_180.png
182,data/images/quantifier/test_182.png
195,data/images/quantifier/test_195.png
196,data/images/quantifier/test_196.png
203,data/images/quantifier/test_203.png
205,data/images/quantifier/test_205.png
207,data/images/quantifier/test_207.png
211,data/images/quantifier/test_211.png
212,data/images/quantifier/test_212.png
215,data/images/quantifier/test_215.png
219,data/images/quantifier/test_219.png
223,data/images/quantifier/test_223.png
224,data/images/quantifier/test_224.png
225,data/images/quantifier/test_225.png
230,data/images/quantifier/test_230.png
231,data/images/quantifier/test_231.png
235,data/images/quantifier/test_235.png
242,data/images/quantifier/test_242.png
246,data/images/quantifier/test_246.png
247,data/images/quantifier/test_247.png
252,data/images/quantifier/test_252.png
255,data/images/quantifier/test_255.png
260,data/images/quantifier/test_260.png
261,data/images/quantifier/test_261.png
263,data/images/quantifier/test_263.png
278,data/images/quantifier/test_278.png
279,data/images/quantifier/test_279.png
287,data/images/quantifier/test_287.png
289,data/images/quantifier/test_289.png
307,data/images/quantifier/test_307.png
308,data/images/quantifier/test_308.png
317,data/images/quantifier/test_317.png
324,data/images/quantifier/test_324.png
328,data/images/quantifier/test_328.png
333,data/images/quantifier/test_333.png
335,data/images/quantifier/test_335.png
340,data/images/quantifier/test_340.png
345,data/images/quantifier/test_345.png
348,data/images/quantifier/test_348.png
351,data/images/quantifier/test_351.png
357,data/images/quantifier/test_357.png
358,data/images/quantifier/test_358.png
362,data/images/quantifier/test_362.png
363,data/images/quantifier/test_363.png
371,data/images/quantifier/test_371.png
374,data/images/quantifier/test_374.png
375,data/images/quantifier/test_375.png
383,data/images/quantifier/test_383.png
385,data/images/quantifier/test_385.png
387,data/images/quantifier/test_387.png
390,data/images/quantifier/test_390.png
394,data/images/quantifier/test_394.png
396,data/images/quantifier/test_396.png
398,data/images/quantifier/test_398.png
404,data/images/quantifier/test_404.png
406,data/images/quantifier/test_406.png
407,data/images/quantifier/test_407.png
410,data/images/quantifier/test_410.png
411,data/images/quantifier/test_411.png
413,data/images/quantifier/test_413.png
417,data/images/quantifier/test_417.png
419,data/images/quantifier/test_419.png
426,data/images/quantifier/test_426.png
428,data/images/quantifier/test_428.png
429,data/images/quantifier/test_429.png
432,data/images/quantifier/test_432.png
433,data/images/quantifier/test_433.png
434,data/images/quantifier/test_434.png
436,data/images/quantifier/test_436.png
443,data/images/quantifier/test_443.png
445,data/images/quantifier/test_445.png
454,data/images/quantifier/test_454.png
458,data/images/quantifier/test_458.png
463,data/images/quantifier/test_463.png
472,data/images/quantifier/test_472.png
473,data/images/quantifier/test_473.png
483,data/images/quantifier/test_483.png
484,data/images/quantifier/test_484.png
485,data/images/quantifier/test_485.png
495,data/images/quantifier/test_495.png
496,data/images/quantifier/test_496.png
498,data/images/quantifier/test_498.png
499,data/images/quantifier/test_499.png
502,data/images/quantifier/test_502.png
507,data/images/quantifier/test_507.png
515,data/images/quantifier/test_515.png
520,data/images/quantifier/test_520.png
532,data/images/quantifier/test_532.png
540,data/images/quantifier/test_540.png
543,data/images/quantifier/test_543.png
545,data/images/quantifier/test_545.png
546,data/images/quantifier/test_546.png
547,data/images/quantifier/test_547.png
549,data/images/quantifier/test_549.png
553,data/images/quantifier/test_553.png
557,data/images/quantifier/test_557.png
558,data/images/quantifier/test_558.png
562,data/images/quantifier/test_562.png
572,data/images/quantifier/test_572.png
587,data/images/quantifier/test_587.png
590,data/images/quantifier/test_590.png
592,data/images/quantifier/test_592.png
593,data/images/quantifier/test_593.png
596,data/images/quantifier/test_596.png
606,data/images/quantifier/test_606.png
609,data/images/quantifier/test_609.png
616,data/images/quantifier/test_616.png
622,data/images/quantifier/test_622.png
623,data/images/quantifier/test_623.png
628,data/images/quantifier/test_628.png
637,data/images/quantifier/test_637.png
638,data/images/quantifier/test_638.png
644,data/images/quantifier/test_644.png
645,data/images/quantifier/test_645.png
647,data/images/quantifier/test_647.png
649,data/images/quantifier/test_649.png
654,data/images/quantifier/test_654.png
657,data/images/quantifier/test_657.png
661,data/images/quantifier/test_661.png
668,data/images/quantifier/test_668.png
674,data/images/quantifier/test_674.png
675,data/images/quantifier/test_675.png
681,data/images/quantifier/test_681.png
688,data/images/quantifier/test_688.png
692,data/images/quantifier/test_692.png
697,data/images/quantifier/test_697.png
702,data/images/quantifier/test_702.png
704,data/images/quantifier/test_704.png
705,data/images/quantifier/test_705.png
712,data/images/quantifier/test_712.png
716,data/images/quantifier/test_716.png
721,data/images/quantifier/test_721.png
730,data/images/quantifier/test_730.png
731,data/images/quantifier/test_731.png
735,data/images/quantifier/test_735.png
736,data/images/quantifier/test_736.png
740,data/images/quantifier/test_740.png
758,data/images/quantifier/test_758.png
760,data/images/quantifier/test_760.png
763,data/images/quantifier/test_763.png
768,data/images/quantifier/test_768.png
770,data/images/quantifier/test_770.png
774,data/images/quantifier/test_774.png
778,data/images/quantifier/test_778.png
779,data/images/quantifier/test_779.png
784,data/images/quantifier/test_784.png
786,data/images/quantifier/test_786.png
787,data/images/quantifier/test_787.png
791,data/images/quantifier/test_791.png
793,data/images/quantifier/test_793.png
794,data/images/quantifier/test_794.png
795,data/images/quantifier/test_795.png
796,data/images/quantifier/test_796.png
799,data/images/quantifier/test_799.png
800,data/images/quantifier/test_800.png
804,data/images/quantifier/test_804.png
806,data/images/quantifier/test_806.png
812,data/images/quantifier/test_812.png
818,data/images/quantifier/test_818.png
819,data/images/quantifier/test_819.png
820,data/images/quantifier/test_820.png
823,data/images/quantifier/test_823.png
829,data/images/quantifier/test_829.png
835,data/images/quantifier/test_835.png
836,data/images/quantifier/test_836.png
837,data/images/quantifier/test_837.png
849,data/images/quantifier/test_849.png
850,data/images/quantifier/test_850.png
855,data/images/quantifier/test_855.png
857,data/images/quantifier/test_857.png
864,data/images/quantifier/test_864.png
867,data/images/quantifier/test_867.png
873,data/images/quantifier/test_873.png
874,data/images/quantifier/test_874.png
875,data/images/quantifier/test_875.png
879,data/images/quantifier/test_879.png
892,data/images/quantifier/test_892.png
902,data/images/quantifier/test_902.png
905,data/images/quantifier/test_905.png
909,data/images/quantifier/test_909.png
911,data/images/quantifier/test_911.png
912,data/images/quantifier/test_912.png
913,data/images/quantifier/test_913.png
914,data/images/quantifier/test_914.png
920,data/images/quantifier/test_920.png
921,data/images/quantifier/test_921.png
929,data/images/quantifier/test_929.png
938,data/images/quantifier/test_938.png
939,data/images/quantifier/test_939.png
948,data/images/quantifier/test_948.png
950,data/images/quantifier/test_950.png
951,data/images/quantifier/test_951.png
953,data/images/quantifier/test_953.png
963,data/images/quantifier/test_963.png
964,data/images/quantifier/test_964.png
966,data/images/quantifier/test_966.png
968,data/images/quantifier/test_968.png
969,data/images/quantifier/test_969.png
971,data/images/quantifier/test_971.png
974,data/images/quantifier/test_974.png
977,data/images/quantifier/test_977.png
982,data/images/quantifier/test_982.png
997,data/images/quantifier/test_997.png
999,data/images/quantifier/test_999.png
1006,data/images/quantifier/test_1006.png
1012,data/images/quantifier/test_1012.png
1015,data/images/quantifier/test_1015.png
1018,data/images/quantifier/test_1018.png
1020,data/images/quantifier/test_1020.png
1022,data/images/quantifier/test_1022.png
1023,data/images/quantifier/test_1023.png
1038,data/images/quantifier/test_1038.png
1039,data/images/quantifier/test_1039.png
1040,data/images/quantifier/test_1040.png
1043,data/images/quantifier/test_1043.png
1046,data/images/quantifier/test_1046.png
1047,data/images/quantifier/test_1047.png
1055,data/images/quantifier/test_1055.png
1057,data/images/quantifier/test_1057.png
1058,data/images/quantifier/test_1058.png
1065,data/images/quantifier/test_1065.png
1068,data/images/quantifier/test_1068.png
1077,data/images/quantifier/test_1077.png
1080,data/images/quantifier/test_1080.png
1084,data/images/quantifier/test_1084.png
1085,data/images/quantifier/test_1085.png
1089,data/images/quantifier/test_1089.png
1094,data/images/quantifier/test_1094.png
1096,data/images/quantifier/test_1096.png
1102,data/images/quantifier/test_1102.png
1103,data/images/quantifier/test_1103.png
1104,data/images/quantifier/test_1104.png
1105,data/images/quantifier/test_1105.png
1112,data/images/quantifier/test_1112.png
1113,data/images/quantifier/test_1113.png
1114,data/images/quantifier/test_1114.png
1115,data/images/quantifier/test_1115.png
1116,data/images/quantifier/test_1116.png
1118,data/images/quantifier/test_1118.png
1123,data/images/quantifier/test_1123.png
1129,data/images/quantifier/test_1129.png
1131,data/images/quantifier/test_1131.png
1132,data/images/quantifier/test_1132.png
1138,data/images/quantifier/test_1138.png
1143,data/images/quantifier/test_1143.png
1147,data/images/quantifier/test_1147.png
1150,data/images/quantifier/test_1150.png
1165,data/images/quantifier/test_1165.png
1166,data/images/quantifier/test_1166.png
1174,data/images/quantifier/test_1174.png
1184,data/images/quantifier/test_1184.png
1185,data/images/quantifier/test_1185.png
1191,data/images/quantifier/test_1191.png
1192,data/images/quantifier/test_1192.png
1204,data/images/quantifier/test_1204.png
1208,data/images/quantifier/test_1208.png
1211,data/images/quantifier/test_1211.png
1212,data/images/quantifier/test_1212.png
1221,data/images/quantifier/test_1221.png
1222,data/images/quantifier/test_1222.png
1226,data/images/quantifier/test_1226.png
1227,data/images/quantifier/test_1227.png
1228,data/images/quantifier/test_1228.png
1235,data/images/quantifier/test_1235.png
1237,data/images/quantifier/test_1237.png
1247,data/images/quantifier/test_1247.png
1248,data/images/quantifier/test_1248.png
1253,data/images/quantifier/test_1253.png
1254,data/images/quantifier/test_1254.png
1261,data/images/quantifier/test_1261.png
1263,data/images/quantifier/test_1263.png
1268,data/images/quantifier/test_1268.png
1270,data/images/quantifier/test_1270.png
1273,data/images/quantifier/test_1273.png
1282,data/images/quantifier/test_1282.png
1290,data/images/quantifier/test_1290.png
1292,data/images/quantifier/test_1292.png
1295,data/images/quantifier/test_1295.png
1300,data/images/quantifier/test_1300.png
1301,data/images/quantifier/test_1301.png
1305,data/images/quantifier/test_1305.png
1310,data/images/quantifier/test_1310.png
1316,data/images/quantifier/test_1316.png
1320,data/images/quantifier/test_1320.png
1323,data/images/quantifier/test_1323.png
1325,data/images/quantifier/test_1325.png
1329,data/images/quantifier/test_1329.png
1331,data/images/quantifier/test_1331.png
1345,data/images/quantifier/test_1345.png
1350,data/images/quantifier/test_1350.png
1352,data/images/quantifier/test_1352.png
1354,data/images/quantifier/test_1354.png
1355,data/images/quantifier/test_1355.png
1358,data/images/quantifier/test_1358.png
1362,data/images/quantifier/test_1362.png
1363,data/images/quantifier/test_1363.png
1367,data/images/quantifier/test_1367.png
1371,data/images/quantifier/test_1371.png
1372,data/images/quantifier/test_1372.png
1373,data/images/quantifier/test_1373.png
1379,data/images/quantifier/test_1379.png
1384,data/images/quantifier/test_1384.png
1391,data/images/quantifier/test_1391.png
1396,data/images/quantifier/test_1396.png
1401,data/images/quantifier/test_1401.png
1402,data/images/quantifier/test_1402.png
1404,data/images/quantifier/test_1404.png
1409,data/images/quantifier/test_1409.png
1411,data/images/quantifier/test_1411.png
1418,data/images/quantifier/test_1418.png
1421,data/images/quantifier/test_1421.png
1425,data/images/quantifier/test_1425.png
1434,data/images/quantifier/test_1434.png
1436,data/images/quantifier/test_1436.png
1444,data/images/quantifier/test_1444.png
1450,data/images/quantifier/test_1450.png
1451,data/images/quantifier/test_1451.png
1455,data/images/quantifier/test_1455.png
1457,data/images/quantifier/test_1457.png
1458,data/images/quantifier/test_1458.png
1460,data/images/quantifier/test_1460.png
1469,data/images/quantifier/test_1469.png
1470,data/images/quantifier/test_1470.png
1480,data/images/quantifier/test_1480.png
1483,data/images/quantifier/test_1483.png
1486,data/images/quantifier/test_1486.png
1488,data/images/quantifier/test_1488.png
1495,data/images/quantifier/test_1495.png
1498,data/images/quantifier/test_1498.png
1499,data/images/quantifier/test_1499.png
1505,data/images/quantifier/test_1505.png
1509,data/images/quantifier/test_1509.png
1517,data/images/quantifier/test_1517.png
1519,data/images/quantifier/test_1519.png
1525,data/images/quantifier/test_1525.png
1529,data/images/quantifier/test_1529.png
1538,data/images/quantifier/test_1538.png
1542,data/images/quantifier/test_1542.png
1546,data/images/quantifier/test_1546.png
1552,data/images/quantifier/test_1552.png
1553,data/images/quantifier/test_1553.png
1556,data/images/quantifier/test_1556.png
1561,data/images/quantifier/test_1561.png
1570,data/images/quantifier/test_1570.png
1571,data/images/quantifier/test_1571.png
1572,data/images/quantifier/test_1572.png
1573,data/images/quantifier/test_1573.png
1585,data/images/quantifier/test_1585.png
1587,data/images/quantifier/test_1587.png
1588,data/images/quantifier/test_1588.png
1591,data/images/quantifier/test_1591.png
1592,data/images/quantifier/test_1592.png
1595,data/images/quantifier/test_1595.png
1599,data/images/quantifier/test_1599.png
1611,data/images/quantifier/test_1611.png
1612,data/images/quantifier/test_1612.png
1617,data/images/quantifier/test_1617.png
1618,data/images/quantifier/test_1618.png
1619,data/images/quantifier/test_1619.png
1629,data/images/quantifier/test_1629.png
1634,data/images/quantifier/test_1634.png
1640,data/images/quantifier/test_1640.png
1641,data/images/quantifier/test_1641.png
1651,data/images/quantifier/test_1651.png
1652,data/images/quantifier/test_1652.png
1663,data/images/quantifier/test_1663.png
1666,data/images/quantifier/test_1666.png
1668,data/images/quantifier/test_1668.png
1669,data/images/quantifier/test_1669.png
1673,data/images/quantifier/test_1673.png
1675,data/images/quantifier/test_1675.png
1677,data/images/quantifier/test_1677.png
1683,data/images/quantifier/test_1683.png
1687,data/images/quantifier/test_1687.png
1690,data/images/quantifier/test_1690.png
1693,data/images/quantifier/test_1693.png
1695,data/images/quantifier/test_1695.png
1699,data/images/quantifier/test_1699.png
1703,data/images/quantifier/test_1703.png
1704,data/images/quantifier/test_1704.png
1716,data/images/quantifier/test_1716.png
1720,data/images/quantifier/test_1720.png
1721,data/images/quantifier/test_1721.png
1724,data/images/quantifier/test_1724.png
1726,data/images/quantifier/test_1726.png
1732,data/images/quantifier/test_1732.png
1736,data/images/quantifier/test_1736.png
1738,data/images/quantifier/test_1738.png
1739,data/images/quantifier/test_1739.png
1740,data/images/quantifier/test_1740.png
1741,data/images/quantifier/test_1741.png
1749,data/images/quantifier/test_1749.png
1750,data/images/quantifier/test_1750.png
1753,data/images/quantifier/test_1753.png
1761,data/images/quantifier/test_1761.png
1762,data/images/quantifier/test_1762.png
1765,data/images/quantifier/test_1765.png
1768,data/images/quantifier/test_1768.png
1771,data/images/quantifier/test_1771.png
1773,data/images/quantifier/test_1773.png
1777,data/images/quantifier/test_1777.png
1793,data/images/quantifier/test_1793.png
1795,data/images/quantifier/test_1795.png
1798,data/images/quantifier/test_1798.png
1800,data/images/quantifier/test_1800.png
1803,data/images/quantifier/test_1803.png
1805,data/images/quantifier/test_1805.png
1807,data/images/quantifier/test_1807.png
1809,data/images/quantifier/test_1809.png
1813,data/images/quantifier/test_1813.png
1815,data/images/quantifier/test_1815.png
1817,data/images/quantifier/test_1817.png
1822,data/images/quantifier/test_1822.png
1824,data/images/quantifier/test_1824.png
1829,data/images/quantifier/test_1829.png
1832,data/images/quantifier/test_1832.png
1839,data/images/quantifier/test_1839.png
1842,data/images/quantifier/test_1842.png
1846,data/images/quantifier/test_1846.png
1851,data/images/quantifier/test_1851.png
1852,data/images/quantifier/test_1852.png
1853,data/images/quantifier/test_1853.png
1855,data/images/quantifier/test_1855.png
1860,data/images/quantifier/test_1860.png
1861,data/images/quantifier/test_1861.png
1862,data/images/quantifier/test_1862.png
1872,data/images/quantifier/test_1872.png
1876,data/images/quantifier/test_1876.png
1879,data/images/quantifier/test_1879.png
1882,data/images/quantifier/test_1882.png
1885,data/images/quantifier/test_1885.png
1886,data/images/quantifier/test_1886.png
1890,data/images/quantifier/test_1890.png
1892,data/images/quantifier/test_1892.png
1900,data/images/quantifier/test_1900.png
1913,data/images/quantifier/test_1913.png
1919,data/images/quantifier/test_1919.png
1924,data/images/quantifier/test_1924.png
1930,data/images/quantifier/test_1930.png
1936,data/images/quantifier/test_1936.png
1938,data/images/quantifier/test_1938.png
1944,data/images/quantifier/test_1944.png
1953,data/images/quantifier/test_1953.png
1954,data/images/quantifier/test_1954.png
1955,data/images/quantifier/test_1955.png
1956,data/images/quantifier/test_1956.png
1962,data/images/quantifier/test_1962.png
1968,data/images/quantifier/test_1968.png
1975,data/images/quantifier/test_1975.png
1977,data/images/quantifier/test_1977.png
1979,data/images/quantifier/test_1979.png
1982,data/images/quantifier/test_1982.png
1994,data/images/quantifier/test_1994.png
1997,data/images/quantifier/test_1997.png
2001,data/images/quantifier/test_2001.png
2006,data/images/quantifier/test_2006.png
2011,data/images/quantifier/test_2011.png
2012,data/images/quantifier/test_2012.png
2019,data/images/quantifier/test_2019.png
2023,data/images/quantifier/test_2023.png
2024,data/images/quantifier/test_2024.png
2026,data/images/quantifier/test_2026.png
2027,data/images/quantifier/test_2027.png
2028,data/images/quantifier/test_2028.png
2029,data/images/quantifier/test_2029.png
2033,data/images/quantifier/test_2033.png
2036,data/images/quantifier/test_2036.png
2038,data/images/quantifier/test_2038.png
2047,data/images/quantifier/test_2047.png
2050,data/images/quantifier/test_2050.png
2053,data/images/quantifier/test_2053.png
2057,data/images/quantifier/test_2057.png
2060,data/images/quantifier/test_2060.png
2064,data/images/quantifier/test_2064.png
2066,data/images/quantifier/test_2066.png
2067,data/images/quantifier/test_2067.png
2069,data/images/quantifier/test_2069.png
2070,data/images/quantifier/test_2070.png
2071,data/images/quantifier/test_2071.png
2086,data/images/quantifier/test_2086.png
2090,data/images/quantifier/test_2090.png
2095,data/images/quantifier/test_2095.png
2099,data/images/quantifier/test_2099.png
2113,data/images/quantifier/test_2113.png
2115,data/images/quantifier/test_2115.png
2123,data/images/quantifier/test_2123.png
2142,data/images/quantifier/test_2142.png
2146,data/images/quantifier/test_2146.png
2147,data/images/quantifier/test_2147.png
2150,data/images/quantifier/test_2150.png
2152,data/images/quantifier/test_2152.png
2153,data/images/quantifier/test_2153.png
2160,data/images/quantifier/test_2160.png
2163,data/images/quantifier/test_2163.png
2164,data/images/quantifier/test_2164.png
2166,data/images/quantifier/test_2166.png
2172,data/images/quantifier/test_2172.png
2174,data/images/quantifier/test_2174.png
2184,data/images/quantifier/test_2184.png
2185,data/images/quantifier/test_2185.png
2190,data/images/quantifier/test_2190.png
2195,data/images/quantifier/test_2195.png
2196,data/images/quantifier/test_2196.png
2199,data/images/quantifier/test_2199.png
2200,data/images/quantifier/test_2200.png
2202,data/images/quantifier/test_2202.png
2209,data/images/quantifier/test_2209.png
2210,data/images/quantifier/test_2210.png
2213,data/images/quantifier/test_2213.png
2220,data/images/quantifier/test_2220.png
2226,data/images/quantifier/test_2226.png
2227,data/images/quantifier/test_2227.png
2228,data/images/quantifier/test_2228.png
2230,data/images/quantifier/test_2230.png
2232,data/images/quantifier/test_2232.png
2238,data/images/quantifier/test_2238.png
2248,data/images/quantifier/test_2248.png
2253,data/images/quantifier/test_2253.png
2258,data/images/quantifier/test_2258.png
2264,data/images/quantifier/test_2264.png
2265,data/images/quantifier/test_2265.png
2268,data/images/quantifier/test_2268.png
2278,data/images/quantifier/test_2278.png
2283,data/images/quantifier/test_2283.png
2288,data/images/quantifier/test_2288.png
2290,data/images/quantifier/test_2290.png
2294,data/images/quantifier/test_2294.png
2302,data/images/quantifier/test_2302.png
2315,data/images/quantifier/test_2315.png
2320,data/images/quantifier/test_2320.png
2321,data/images/quantifier/test_2321.png
2327,data/images/quantifier/test_2327.png
2334,data/images/quantifier/test_2334.png
2341,data/images/quantifier/test_2341.png
2343,data/images/quantifier/test_2343.png
2344,data/images/quantifier/test_2344.png
2346,data/images/quantifier/test_2346.png
2350,data/images/quantifier/test_2350.png
2351,data/images/quantifier/test_2351.png
2352,data/images/quantifier/test_2352.png
2355,data/images/quantifier/test_2355.png
2362,data/images/quantifier/test_2362.png
2363,data/images/quantifier/test_2363.png
2368,data/images/quantifier/test_2368.png
2369,data/images/quantifier/test_2369.png
2375,data/images/quantifier/test_2375.png
2376,data/images/quantifier/test_2376.png
2380,data/images/quantifier/test_2380.png
2384,data/images/quantifier/test_2384.png
2386,data/images/quantifier/test_2386.png
2388,data/images/quantifier/test_2388.png
2392,data/images/quantifier/test_2392.png
2394,data/images/quantifier/test_2394.png
2396,data/images/quantifier/test_2396.png
2411,data/images/quantifier/test_2411.png
2418,data/images/quantifier/test_2418.png
2422,data/images/quantifier/test_2422.png
2427,data/images/quantifier/test_2427.png
2430,data/images/quantifier/test_2430.png
2434,data/images/quantifier/test_2434.png
2437,data/images/quantifier/test_2437.png
2441,data/images/quantifier/test_2441.png
2442,data/images/quantifier/test_2442.png
2449,data/images/quantifier/test_2449.png
2452,data/images/quantifier/test_2452.png
2453,data/images/quantifier/test_2453.png
2459,data/images/quantifier/test_2459.png
2460,data/images/quantifier/test_2460.png
2464,data/images/quantifier/test_2464.png
2472,data/images/quantifier/test_2472.png
2476,data/images/quantifier/test_2476.png
2479,data/images/quantifier/test_2479.png
2484,data/images/quantifier/test_2484.png
2489,data/images/quantifier/test_2489.png
2495,data/images/quantifier/test_2495.png
2499,data/images/quantifier/test_2499.png
2504,data/images/quantifier/test_2504.png
2515,data/images/quantifier/test_2515.png
2518,data/images/quantifier/test_2518.png
2519,data/images/quantifier/test_2519.png
2520,data/images/quantifier/test_2520.png
2532,data/images/quantifier/test_2532.png
2533,data/images/quantifier/test_2533.png
2537,data/images/quantifier/test_2537.png
2543,data/images/quantifier/test_2543.png
2545,data/images/quantifier/test_2545.png
2548,data/images/quantifier/test_2548.png
2551,data/images/quantifier/test_2551.png
2559,data/images/quantifier/test_2559.png
2560,data/images/quantifier/test_2560.png
2563,data/images/quantifier/test_2563.png
2564,data/images/quantifier/test_2564.png
2568,data/images/quantifier/test_2568.png
2569,data/images/quantifier/test_2569.png
2572,data/images/quantifier/test_2572.png
2578,data/images/quantifier/test_2578.png
2581,data/images/quantifier/test_2581.png
2582,data/images/quantifier/test_2582.png
2583,data/images/quantifier/test_2583.png
2585,data/images/quantifier/test_2585.png
2590,data/images/quantifier/test_2590.png
2591,data/images/quantifier/test_2591.png
2595,data/images/quantifier/test_2595.png
2598,data/images/quantifier/test_2598.png
2611,data/images/quantifier/test_2611.png
2616,data/images/quantifier/test_2616.png
2619,data/images/quantifier/test_2619.png
2623,data/images/quantifier/test_2623.png
2627,data/images/quantifier/test_2627.png
2632,data/images/quantifier/test_2632.png
2633,data/images/quantifier/test_2633.png
2635,data/images/quantifier/test_2635.png
2637,data/images/quantifier/test_2637.png
2639,data/images/quantifier/test_2639.png
2641,data/images/quantifier/test_2641.png
2643,data/images/quantifier/test_2643.png
2646,data/images/quantifier/test_2646.png
2647,data/images/quantifier/test_2647.png
2655,data/images/quantifier/test_2655.png
2656,data/images/quantifier/test_2656.png
2657,data/images/quantifier/test_2657.png
2660,data/images/quantifier/test_2660.png
2661,data/images/quantifier/test_2661.png
2662,data/images/quantifier/test_2662.png
2663,data/images/quantifier/test_2663.png
2664,data/images/quantifier/test_2664.png
2669,data/images/quantifier/test_2669.png
2678,data/images/quantifier/test_2678.png
2691,data/images/quantifier/test_2691.png
2706,data/images/quantifier/test_2706.png
2712,data/images/quantifier/test_2712.png
2715,data/images/quantifier/test_2715.png
2729,data/images/quantifier/test_2729.png
2731,data/images/quantifier/test_2731.png
2732,data/images/quantifier/test_2732.png
2733,data/images/quantifier/test_2733.png
2734,data/images/quantifier/test_2734.png
2739,data/images/quantifier/test_2739.png
2742,data/images/quantifier/test_2742.png
2743,data/images/quantifier/test_2743.png
2754,data/images/quantifier/test_2754.png
2759,data/images/quantifier/test_2759.png
2764,data/images/quantifier/test_2764.png
2767,data/images/quantifier/test_2767.png
2768,data/images/quantifier/test_2768.png
2771,data/images/quantifier/test_2771.png
2784,data/images/quantifier/test_2784.png
2785,data/images/quantifier/test_2785.png
2786,data/images/quantifier/test_2786.png
2789,data/images/quantifier/test_2789.png
2790,data/images/quantifier/test_2790.png
2791,data/images/quantifier/test_2791.png
2794,data/images/quantifier/test_2794.png
2795,data/images/quantifier/test_2795.png
2802,data/images/quantifier/test_2802.png
2804,data/images/quantifier/test_2804.png
2806,data/images/quantifier/test_2806.png
2812,data/images/quantifier/test_2812.png
2815,data/images/quantifier/test_2815.png
2824,data/images/quantifier/test_2824.png
2829,data/images/quantifier/test_2829.png
2830,data/images/quantifier/test_2830.png
2832,data/images/quantifier/test_2832.png
2833,data/images/quantifier/test_2833.png
2834,data/images/quantifier/test_2834.png
2837,data/images/quantifier/test_2837.png
2842,data/images/quantifier/test_2842.png
2843,data/images/quantifier/test_2843.png
2847,data/images/quantifier/test_2847.png
2859,data/images/quantifier/test_2859.png
2860,data/images/quantifier/test_2860.png
2864,data/images/quantifier/test_2864.png
2871,data/images/quantifier/test_2871.png
2874,data/images/quantifier/test_2874.png
2878,data/images/quantifier/test_2878.png
2879,data/images/quantifier/test_2879.png
2884,data/images/quantifier/test_2884.png
2891,data/images/quantifier/test_2891.png
2898,data/images/quantifier/test_2898.png
2903,data/images/quantifier/test_2903.png
2908,data/images/quantifier/test_2908.png
2914,data/images/quantifier/test_2914.png
2919,data/images/quantifier/test_2919.png
2924,data/images/quantifier/test_2924.png
2925,data/images/quantifier/test_2925.png
2928,data/images/quantifier/test_2928.png
2929,data/images/quantifier/test_2929.png
2930,data/images/quantifier/test_2930.png
2932,data/images/quantifier/test_2932.png
2933,data/images/quantifier/test_2933.png
2940,data/images/quantifier/test_2940.png
2943,data/images/quantifier/test_2943.png
2944,data/images/quantifier/test_2944.png
2947,data/images/quantifier/test_2947.png
2952,data/images/quantifier/test_2952.png
2953,data/images/quantifier/test_2953.png
2962,data/images/quantifier/test_2962.png
2969,data/images/quantifier/test_2969.png
2970,data/images/quantifier/test_2970.png
2972,data/images/quantifier/test_2972.png
2986,data/images/quantifier/test_2986.png
2987,data/images/quantifier/test_2987.png
2992,data/images/quantifier/test_2992.png
2999,data/images/quantifier/test_2999.png
3000,data/images/quantifier/test_3000.png
3003,data/images/quantifier/test_3003.png
3006,data/images/quantifier/test_3006.png
3009,data/images/quantifier/test_3009.png
3010,data/images/quantifier/test_3010.png
3011,data/images/quantifier/test_3011.png
3012,data/images/quantifier/test_3012.png
3023,data/images/quantifier/test_3023.png
3025,data/images/quantifier/test_3025.png
3031,data/images/quantifier/test_3031.png
3035,data/images/quantifier/test_3035.png
3038,data/images/quantifier/test_3038.png
3040,data/images/quantifier/test_3040.png
3041,data/images/quantifier/test_3041.png
3047,data/images/quantifier/test_3047.png
3049,data/images/quantifier/test_3049.png
3051,data/images/quantifier/test_3051.png
3057,data/images/quantifier/test_3057.png
3058,data/images/quantifier/test_3058.png
3063,data/images/quantifier/test_3063.png
3066,data/images/quantifier/test_3066.png
3069,data/images/quantifier/test_3069.png
3074,data/images/quantifier/test_3074.png
3076,data/images/quantifier/test_3076.png
3079,data/images/quantifier/test_3079.png
3087,data/images/quantifier/test_3087.png
3089,data/images/quantifier/test_3089.png
3097,data/images/quantifier/test_3097.png
3098,data/images/quantifier/test_3098.png
3108,data/images/quantifier/test_3108.png
3112,data/images/quantifier/test_3112.png
3113,data/images/quantifier/test_3113.png
3116,data/images/quantifier/test_3116.png
3120,data/images/quantifier/test_3120.png
3122,data/images/quantifier/test_3122.png
3123,data/images/quantifier/test_3123.png
3124,data/images/quantifier/test_3124.png
3126,data/images/quantifier/test_3126.png
3133,data/images/quantifier/test_3133.png
3134,data/images/quantifier/test_3134.png
3145,data/images/quantifier/test_3145.png
3154,data/images/quantifier/test_3154.png
3158,data/images/quantifier/test_3158.png
3159,data/images/quantifier/test_3159.png
3165,data/images/quantifier/test_3165.png
3166,data/images/quantifier/test_3166.png
3169,data/images/quantifier/test_3169.png
3183,data/images/quantifier/test_3183.png
3185,data/images/quantifier/test_3185.png
3194,data/images/quantifier/test_3194.png
3203,data/images/quantifier/test_3203.png
3205,data/images/quantifier/test_3205.png
3207,data/images/quantifier/test_3207.png
3216,data/images/quantifier/test_3216.png
3219,data/images/quantifier/test_3219.png
3225,data/images/quantifier/test_3225.png
3226,data/images/quantifier/test_3226.png
3227,data/images/quantifier/test_3227.png
3229,data/images/quantifier/test_3229.png
3232,data/images/quantifier/test_3232.png
3234,data/images/quantifier/test_3234.png
3237,data/images/quantifier/test_3237.png
3244,data/images/quantifier/test_3244.png
3250,data/images/quantifier/test_3250.png
3254,data/images/quantifier/test_3254.png
3255,data/images/quantifier/test_3255.png
3258,data/images/quantifier/test_3258.png
3259,data/images/quantifier/test_3259.png
3263,data/images/quantifier/test_3263.png
3266,data/images/quantifier/test_3266.png
3268,data/images/quantifier/test_3268.png
3270,data/images/quantifier/test_3270.png
3273,data/images/quantifier/test_3273.png
3280,data/images/quantifier/test_3280.png
3293,data/images/quantifier/test_3293.png
3302,data/images/quantifier/test_3302.png
3305,data/images/quantifier/test_3305.png
3307,data/images/quantifier/test_3307.png
3313,data/images/quantifier/test_3313.png
3314,data/images/quantifier/test_3314.png
3317,data/images/quantifier/test_3317.png
3318,data/images/quantifier/test_3318.png
3329,data/images/quantifier/test_3329.png
3333,data/images/quantifier/test_3333.png
3334,data/images/quantifier/test_3334.png
3335,data/images/quantifier/test_3335.png
3345,data/images/quantifier/test_3345.png
3350,data/images/quantifier/test_3350.png
3354,data/images/quantifier/test_3354.png
3358,data/images/quantifier/test_3358.png
3364,data/images/quantifier/test_3364.png
3367,data/images/quantifier/test_3367.png
3368,data/images/quantifier/test_3368.png
3376,data/images/quantifier/test_3376.png
3378,data/images/quantifier/test_3378.png
3380,data/images/quantifier/test_3380.png
3384,data/images/quantifier/test_3384.png
3385,data/images/quantifier/test_3385.png
3387,data/images/quantifier/test_3387.png
3394,data/images/quantifier/test_3394.png
