image_path,number label,actual name,familiarity score,nameability score,color saliency,texture saliency,"BLIP-2, nucleus, caption_1","BLIP-2, nucleus, saliency_1","BLIP-2, nucleus, caption_2","BLIP-2, nucleus, saliency_2","BLIP-2, nucleus, caption_3","BLIP-2, nucleus, saliency_3","BLIP-2, nucleus, caption_4","BLIP-2, nucleus, saliency_4","BLIP-2, nucleus, caption_5","BLIP-2, nucleus, saliency_5","BLIP-2, nucleus, caption_6","BLIP-2, nucleus, saliency_6","BLIP-2, nucleus, caption_7","BLIP-2, nucleus, saliency_7","BLIP-2, nucleus, caption_8","BLIP-2, nucleus, saliency_8","BLIP-2, nucleus, caption_9","BLIP-2, nucleus, saliency_9","BLIP-2, nucleus, caption_10","BLIP-2, nucleus, saliency_10",blip2_saliency_rate,model_color_saliency,color_pearsonr,model_texture_saliency,texture_pearsonr
data/images/noun/2001-600.jpg,2001,bee have trap,19,50,66,14,orange clear bubble wrap - 1 pack,"(['Orange'], [])",orange dog toy for small dogs,"(['Orange'], [])",an orange plastic water bottle on a white background,"(['Orange'], ['Plastic'])",the shape of a ball is orange in color,"(['Orange'], [])",an orange plastic plastic toy is sitting in the middle,"(['Orange'], ['Plastic'])",a pair of orange plastic toys on a white background,"(['Orange'], ['Plastic'])",a pair of orange plastic balls with holes,"(['Orange'], ['Plastic'])",two orange plastic balls sitting on top of each other,"(['Orange'], ['Plastic'])",an orange plastic turtle shell with a yellow lid,"(['Orange', 'Yellow'], ['Plastic'])",an orange plastic food dispenser on a white surface,"(['Orange', 'White'], ['Plastic'])","(100, 70)",100,0.39854250008597725,70,0.14523802438751093
data/images/noun/2002-600.jpg,2002,bookend,22,83,59,9,a red abstract sculpture on a stand,"(['Red', 'Tan'], [])",a red metal sculpture with a curvy shape,"(['Red'], [])",a metal sculpture with a curve design in red,"(['Red'], [])",an abstract red vase shaped object,"(['Red'], [])",a red sculpture with the bottom edge of a curved object,"(['Red'], [])",red metal sculpture with curved lines on it,"(['Red'], [])",a red metal sculpture that is shaped like a curved object,"(['Red'], [])",a red metal sculpture with curved shape,"(['Red'], [])",a red metal sculpture with a curve on it,"(['Red'], [])",a red metal sculpture that has a shape similar to a vase,"(['Red'], [])","(100, 0)",100,0.39854250008597725,0,0.14523802438751093
data/images/noun/2003-600.jpg,2003,fidget toy,59,74,19,0,a line of multicolored block toys arranged in a pattern,"(['Red'], [])",a multicolored puzzle with blocks stacked on top,"(['Red'], [])",four colorful plastic blocks arranged in a circle,"([], ['Plastic'])","colorful wooden blocks arranged to spell out ""i love you""","([], ['Wooden'])",wooden toy blocks in a row with the letters e a r o,"([], ['Wooden'])",multi colored block letters stacked together on white surface,"(['Red', 'White'], [])","toys, building blocks, plastic, wooden, multi-coloured plastic toys","(['Red'], ['Wooden', 'Plastic'])",a multicolored puzzle piece made out of small wood blocks,"(['Red'], [])",an arrangement of multi colored plastic pieces on white,"(['Red', 'White'], ['Plastic'])",a stack of wooden blocks that have letters on them,"([], ['Wooden'])","(60, 60)",60,0.39854250008597725,60,0.14523802438751093
data/images/noun/2004-600.jpg,2004,pencil sharpener,41,70,48,52,a small orange and yellow plastic toy,"(['Orange', 'Yellow'], ['Plastic'])",a close up of a small orange and yellow plastic ball,"(['Orange', 'Yellow'], ['Plastic'])",a yellow and orange rubber egg shaped key chain,"(['Orange', 'Yellow'], ['Rubber'])",a plastic object with orange and yellow handles,"(['Orange', 'Yellow'], ['Plastic'])",small plastic toy with orange top and yellow bottom,"(['Orange', 'Yellow'], ['Plastic'])",an orange ball shaped object with two holes in it,"(['Orange'], [])",an orange and yellow plastic toy with a hole in it,"(['Orange', 'Yellow'], ['Plastic'])",a small orange plastic egg shape with a hole in it,"(['Orange'], ['Plastic'])",a orange and yellow plastic object with an eye,"(['Orange', 'Yellow'], ['Plastic'])",a yellow and orange ball that is in the shape of an egg,"(['Orange', 'Yellow'], [])","(100, 80)",100,0.39854250008597725,80,0.14523802438751093
data/images/noun/2005-600.jpg,2005,fish tank stone,6,25,81,13,"a pink, yellow, and blue plastic horn on a white background","(['Yellow', 'Blue', 'Pink'], ['Plastic'])",a tie dye headband with rainbow colors on it,"([], [])",a pink and blue tie dye feather head band,"(['Blue', 'Pink'], [])",a rainbow tie dye hat sitting on a white surface,"(['White'], [])",rainbow tie dye headband,"([], [])",diamond dandy tie dye headband - rainbow,"([], [])",a pink and yellow toy with a pink tail,"(['Yellow', 'Pink'], [])",rainbow unicorn headband - $5.00,"([], [])",a tie dye hat sitting on top of a white surface,"(['White'], [])",a rainbow colored plastic fish hat sitting on top of a white surface,"(['Red', 'White'], ['Plastic'])","(60, 20)",60,0.39854250008597725,20,0.14523802438751093
data/images/noun/2006-600.jpg,2006,space ship top,34,64,31,3,a metal model of a space ship sitting on top of a white surface,"(['White'], [])",spacecraft by jerry kim - the ship that never comes home,"([], [])",star trek ufo collector's item - 3d printer,"([], [])",a small metal object sitting on top of a white surface,"(['White'], [])",s3-nx-3 ufo antenna - star wars - jedi - darth v,"([], [])",this is a small model of a space craft,"([], [])",a silver space ship sitting on a table,"(['Silver'], [])",the model of a large silver disk on a white background,"(['Silver'], [])",a large silver object on top of a white surface,"(['White', 'Silver'], [])",a star wars x-wing starfighter with two red lights,"(['Red'], [])","(60, 0)",60,0.39854250008597725,0,0.14523802438751093
data/images/noun/2007-600.jpg,2007,air blower for slr cameras,22,46,78,6,black plastic ball with red stick on top,"(['Red', 'Black'], ['Plastic'])",a black ball with red tip on a white surface,"(['Red', 'Black', 'White'], [])",a small black ball with a red tip,"(['Red', 'Black'], [])",a black ball with a red handle and a red tip,"(['Red', 'Black'], [])",a black plastic ball with a red tip,"(['Red', 'Black'], ['Plastic'])",a toy with a black ball with a red handle,"(['Red', 'Black'], [])",a black plastic ball with a red handle,"(['Red', 'Black'], ['Plastic'])",a black plastic ball with red handle,"(['Red', 'Black'], ['Plastic'])",a rubber ball with a plastic plug on it,"([], ['Plastic', 'Rubber'])",black ball shaped object with red handle,"(['Red', 'Black'], [])","(90, 50)",90,0.39854250008597725,50,0.14523802438751093
data/images/noun/2008.jpg,2008,curlers formed together,34,25,48,16,a blue rope that has two ends that are tied together,"(['Blue'], [])",a small plastic blue rubber ring is shown,"(['Blue'], ['Plastic', 'Rubber'])",a blue and white rubber dog toy with two blue and one white dog,"(['Blue', 'White'], ['Rubber'])",an image of two blue and white toys,"(['Blue', 'White'], [])",pvc rope - blue,"(['Blue'], [])",the knot is shown sitting in the blue,"(['Blue'], [])",the rubber dog toy in blue color,"(['Blue'], ['Rubber'])",a large blue rubber tie sitting on top of a white surface,"(['Blue', 'White'], ['Rubber'])",a blue rope with two metal pieces,"(['Blue'], [])",a blue and white object with two ends,"(['Blue', 'White'], [])","(100, 40)",100,0.39854250008597725,40,0.14523802438751093
data/images/noun/2009-600.jpg,2009,dog toy,47,78,65,45,orange t - shaped dog toy with spiky spikes,"(['Orange'], [])",a close up of a orange toy toy with spikes,"(['Orange'], [])",an orange toy with spikes on it,"(['Orange'], [])",orange rubber toy shaped like a letter x,"(['Orange'], ['Rubber'])",an orange toy shaped like an x on a white background,"(['Orange'], [])",orange kong dog toy shaped like a star,"(['Orange'], [])",a large orange sponge toy on white background,"(['Orange'], [])",hugable hugable dog toys,"([], [])",the orange spiky toy is made from a ball shaped object,"(['Orange'], [])",an orange dog toy with spikes on it,"(['Orange'], [])","(90, 10)",90,0.39854250008597725,10,0.14523802438751093
data/images/noun/2010-600.jpg,2010,dog toy pet shop,66,52,50,25,red rubber dog toy with multicolored dots on it,"(['Red'], ['Rubber'])","red and yellow dog toy with blue, yellow, and white dots","(['Red', 'Yellow', 'Blue', 'White'], [])",soft toy with a ball in the middle with colorful dots,"([], ['Soft'])",red plastic ball with blue and yellow dots,"(['Red', 'Yellow', 'Blue'], ['Plastic'])",a red and blue rubber ball with white spots on it,"(['Red', 'Blue', 'White'], ['Rubber'])",virotherapy corona soft rubber dog toy,"([], ['Soft', 'Rubber'])",a red and yellow dog toy with colorful polka dot,"(['Red', 'Yellow'], [])",dog chew toy with red and blue dot,"(['Red', 'Blue'], [])",paws toppers rubber squeaker toys,"([], ['Rubber'])",a red and white dog toy with multicolored dots,"(['Red', 'White'], [])","(70, 60)",70,0.39854250008597725,60,0.14523802438751093
data/images/noun/2011-600.jpg,2011,noisemaker,22,75,88,3,a plastic toy that has orange and green handles,"(['Orange', 'Green'], ['Plastic'])",a green and orange plastic toy with two buttons,"(['Orange', 'Green'], ['Plastic'])",this toy has a handle that is green and orange,"(['Orange', 'Green'], [])",the toy is green and orange and has a large green handle,"(['Orange', 'Green'], [])",an orange and green plastic toy with a small hook,"(['Orange', 'Green'], ['Plastic'])",an orange plastic pipe has an orange handle on it,"(['Orange'], ['Plastic'])",a toy toy that has an orange and green handle,"(['Orange', 'Green'], [])",pvc toy car wash machine car washing machine toys,"([], [])",an orange and green toy with three holes,"(['Orange', 'Green'], [])",an orange plastic toy is attached to a green one,"(['Orange', 'Green'], ['Plastic'])","(90, 50)",90,0.39854250008597725,50,0.14523802438751093
data/images/noun/2012-600.jpg,2012,coiled worm toy,41,50,59,41,funko pop action figure coral coral reef,"(['Coral'], [])",a small red sea urchin,"(['Red'], [])",a pink plastic toy of a starfish,"(['Pink'], ['Plastic'])","a small plastic coral, pink and orange","(['Orange', 'Pink', 'Coral'], ['Plastic'])",small red and orange sea anemone,"(['Red', 'Orange'], [])",a pink toy sea creature is on a white background,"(['Pink'], [])",pink anemone shaped object with orange dots,"(['Orange', 'Pink'], [])",a pink plastic worm that is on top of another,"(['Pink'], ['Plastic'])",a close up of the toy of an octopus,"([], [])",red and orange jellyfish with small yellow dots,"(['Red', 'Orange', 'Yellow'], [])","(90, 30)",90,0.39854250008597725,30,0.14523802438751093
data/images/noun/2013-600.jpg,2013,sling shot,6,20,87,6,a orange and yellow shaped plastic toy on a white background,"(['Orange', 'Yellow'], ['Plastic'])",orange and yellow plastic stand that has a green base,"(['Orange', 'Yellow', 'Green', 'Tan'], ['Plastic'])",a yellow and orange plastic foot that is on a stand,"(['Orange', 'Yellow', 'Tan'], ['Plastic'])",a yellow and orange plastic leg stand on a white surface,"(['Orange', 'Yellow', 'White', 'Tan'], ['Plastic'])",an orange and yellow object on a white background,"(['Orange', 'Yellow'], [])",tit-cadet spigot stand,"(['Tan'], [])",an orange and yellow plastic toy is on a stand,"(['Orange', 'Yellow', 'Tan'], ['Plastic'])",an orange and yellow plastic figure,"(['Orange', 'Yellow'], ['Plastic'])",a yellow plastic foot with orange tips,"(['Orange', 'Yellow'], ['Plastic'])",an orange and yellow foot pump sits on top of a white table,"(['Orange', 'Yellow', 'White'], [])","(100, 70)",100,0.39854250008597725,70,0.14523802438751093
data/images/noun/2014-600.jpg,2014,this light-up toy,38,75,39,0,a ball and tube with a purple and yellow print on it,"(['Yellow', 'Purple'], [])",an electronic musical toy that has a plastic ball inside,"([], ['Plastic'])",a pink and yellow ball with a colorful design,"(['Yellow', 'Pink'], [])",a ball with a pink and yellow design,"(['Yellow', 'Pink'], [])",a yellow and purple ball with polka dots,"(['Yellow', 'Purple'], [])",paintball - rainbow,"([], [])",an image of the toy with a purple ball on top,"(['Purple'], [])",an image of a small plastic ball with a yellow and pink design,"(['Yellow', 'Pink'], ['Plastic'])",the yellow ball has a purple design and is sitting on top of the yellow stick,"(['Yellow', 'Purple'], [])",an image of a toy with a purple ball and yellow handle,"(['Yellow', 'Purple'], [])","(80, 20)",80,0.39854250008597725,20,0.14523802438751093
data/images/noun/2015-600.jpg,2015,ball catcher,38,78,55,10,blue plastic bicycle rack on white background,"(['Blue'], ['Plastic', 'Icy'])",a blue skateboard with the wheels covered with black dots,"(['Red', 'Blue', 'Black'], [])",a blue and white plastic shoe shoe holder,"(['Blue', 'White'], ['Plastic'])",a blue plastic plastic shoe sole with holes,"(['Blue'], ['Plastic'])",a blue plastic shoe holder with holes,"(['Blue'], ['Plastic'])",blue ice bucket for a water feature,"(['Blue'], [])",the new bbx blue wheel,"(['Blue'], [])",a blue plastic shoe for kids to wear,"(['Blue'], ['Plastic'])",a blue plastic bag with holes and two holes,"(['Blue'], ['Plastic'])",the blue plastic shoe holder has two holes and an eye,"(['Blue'], ['Plastic'])","(100, 70)",100,0.39854250008597725,70,0.14523802438751093
data/images/noun/2016 600dpi.jpg,2016,bird toy,28,21,61,6,a large orange plastic cone with blue and white yarn attached,"(['Orange', 'Blue', 'White'], ['Plastic'])",a plastic blue and white tassel attached to a blue plastic cone,"(['Blue', 'White'], ['Plastic'])",a plastic orange and blue cheerleader is on top of a white background,"(['Orange', 'Blue'], ['Plastic'])",frozen treat dispenser w/ hanger,"([], [])",an orange and blue mop with a long tail,"(['Orange', 'Blue'], [])",an orange and blue hanger that is on a white surface,"(['Orange', 'Blue', 'White'], [])",an orange and blue dog toy with white and blue tassels,"(['Orange', 'Blue', 'White'], [])",a small orange and blue plastic cone with some blue and white yarn,"(['Orange', 'Blue', 'White'], ['Plastic'])",a dog t - shirt with a plastic cone,"([], ['Plastic'])",the mop is on top of an orange and blue ball,"(['Orange', 'Blue'], [])","(80, 50)",80,0.39854250008597725,50,0.14523802438751093
data/images/noun/2017-600.jpg,2017,kenetic wheel,41,29,23,13,a metal device that has a spring attached to it,"([], [])",an orange plastic ball is attached to a wire,"(['Orange'], ['Plastic'])",a small toy car with wheels and a blue handle,"(['Blue'], [])",a device with a ball on a metal bar,"([], [])",a device with a plastic ball on top of a metal wire,"([], ['Plastic'])",small metal ball with a plastic hook attached to it,"([], ['Plastic'])",a metal wire with a rubber ball on it,"([], ['Rubber'])",a plastic hook and wire with an orange ball attached to it,"(['Orange'], ['Plastic'])",toy rat with a metal wire that has an orange and blue handle,"(['Orange', 'Blue'], [])",a small ball is stuck into a hook with blue and orange parts,"(['Orange', 'Blue'], [])","(50, 50)",50,0.39854250008597725,50,0.14523802438751093
data/images/noun/2018-600.jpg,2018,this coils string,16,50,61,6,a yellow plastic container with a lid on top,"(['Yellow'], ['Plastic'])",a small yellow object sitting on top of a white background,"(['Yellow'], [])",yellow lid for the yellow plastic storage container,"(['Yellow'], ['Plastic'])",yellow round cover for a bowl,"(['Yellow'], [])",scoop dispenser cap - yellow,"(['Yellow'], [])",a yellow plastic cover with an open top,"(['Yellow'], ['Plastic'])",a yellow round plastic container with a lid,"(['Yellow'], ['Plastic'])",an empty yellow plastic container with a lid,"(['Yellow'], ['Plastic'])",a yellow plastic bowl with black plastic top,"(['Yellow', 'Black'], ['Plastic'])",a yellow plastic pot with black plastic lid,"(['Yellow', 'Black'], ['Plastic'])","(100, 70)",100,0.39854250008597725,70,0.14523802438751093
data/images/noun/2019-600.jpg,2019,cat nip toy,31,67,38,25,an orange plastic egg with a man's head on top,"(['Orange'], ['Plastic'])",candy corn owl figurine,"([], [])",a candy corn colored object with a white background,"(['Red'], [])","porky, orange and yellow - june 2013","(['Orange', 'Yellow'], [])",a plastic egg shaped toy with orange and yellow color,"(['Orange', 'Yellow'], ['Plastic'])",a yellow and orange plastic egg shaped toy with a furry tail on it,"(['Orange', 'Yellow'], ['Plastic', 'Furry'])",an orange and yellow egg with a fluffy tail,"(['Orange', 'Yellow'], [])",mummy mollymauk 3in yellow orange yellow orange orange orange orange orange orange orange orange,"(['Orange', 'Yellow'], [])",orange candy corn egg toy,"(['Orange'], [])",french bulldog ears mocap model,"([], [])","(80, 30)",80,0.39854250008597725,30,0.14523802438751093
data/images/noun/2020.jpg,2020,jacobs ladder,41,36,29,6,a set of four small colorful toys on a white surface,"(['White'], [])",a stack of colorful coasters sitting on a table,"([], [])",a colorful stack of four small notebooks with ribbon,"([], [])",six coasters with colored ribbon,"(['Red'], [])",bakker - 4 pack,"([], [])","a group of four square blocks with one orange, blue, green, yellow and red piece","(['Red', 'Orange', 'Yellow', 'Green', 'Blue'], [])",three coasters with a rainbow of colors on them,"([], [])",six colored boxes stacked on top of each other,"(['Red'], [])",colorful coaster set,"([], [])",4 pack of 3 different colored coasters,"(['Red'], [])","(50, 0)",50,0.39854250008597725,0,0.14523802438751093
data/images/noun/2021-600.jpg,2021,foam arrow,9,29,84,3,a set of three plastic balls in a pink and green color,"(['Green', 'Pink'], ['Plastic'])",a plastic handle with green and pink handles,"(['Green', 'Pink'], ['Plastic'])",meltable silicone spray nozzle-pack of 5,"([], [])","buzz brush with six pink, green and black balls","(['Green', 'Pink', 'Black'], [])",the pipe has six black and pink tubes and three green ones,"(['Green', 'Pink', 'Black'], [])",an empty green tube is held together with pink and green tubes,"(['Green', 'Pink'], [])",a pink and green sponge with a black handle,"(['Green', 'Pink', 'Black'], [])",a bunch of colorful plastic pipes,"([], ['Plastic'])","an assortment of foam - pink, green, and black","(['Green', 'Pink', 'Black'], [])",the four colorful tubes have a pink and green cap,"(['Green', 'Pink'], [])","(80, 30)",80,0.39854250008597725,30,0.14523802438751093
data/images/noun/2022-600.jpg,2022,marker,9,15,70,13,"pvc pipe fitting pipe with handle, green","(['Green'], [])",a plastic water bottle that has green lid,"(['Green'], ['Plastic'])",a green plastic bottle on a white surface,"(['Green', 'White'], ['Plastic'])",a green plastic pipe that has a small hole in it,"(['Green'], ['Plastic'])",a green plastic container with a hole for holding,"(['Green'], ['Plastic'])",an image of a green plastic pot,"(['Green'], ['Plastic'])",a green plastic cup with a long neck on a white background,"(['Green'], ['Plastic'])",a green plastic pot on a white background,"(['Green'], ['Plastic'])",a plastic green cup with a handle,"(['Green'], ['Plastic'])",a green plastic object on a white background,"(['Green'], ['Plastic'])","(100, 90)",100,0.39854250008597725,90,0.14523802438751093
data/images/noun/2023-600.jpg,2023,color changing ball,13,31,87,17,a ball of white and black tissue paper,"(['Black', 'White'], [])",a flower shaped object that has some black and white colors,"(['Black', 'White'], [])",an electronic ball with black and white stickers,"(['Black', 'White'], [])",black and white vase with many pieces of paper in it,"(['Black', 'White'], [])",a black and white marble ball is in the shape of a flower,"(['Black', 'White'], [])",a black and white flower made of plastic,"(['Black', 'White'], ['Plastic'])",a black and white ball with a black and white hat,"(['Black', 'White'], [])",a white and black ball with some pieces of it,"(['Black', 'White'], [])",a black and white sculpture with lots of black and white balls,"(['Black', 'White'], [])",a black and white marble sculpture with two pieces,"(['Black', 'White'], [])","(100, 10)",100,0.39854250008597725,10,0.14523802438751093
data/images/noun/2024-600.jpg,2024,connected disk toy,81,44,41,3,an image of a yellow and blue plastic toy,"(['Yellow', 'Blue'], ['Plastic'])",an image of a toy shaped like a flower,"([], [])",melt & pour blocks by lilypads,"([], [])",three toys of a yellow star with two blue and one red,"(['Red', 'Yellow', 'Blue'], [])",three yellow plastic toys in a star shape,"(['Yellow'], ['Plastic'])",an image of a toy plastic toy with four pieces,"([], ['Plastic'])",a plastic toy is made of four different colors,"([], ['Plastic'])",a yellow and blue piece of plastic toy with two red and blue pieces,"(['Red', 'Yellow', 'Blue'], ['Plastic'])",a toy shaped like a star with several colors,"([], [])",toy starlet with wings,"([], [])","(40, 50)",40,0.39854250008597725,50,0.14523802438751093
data/images/noun/2025-600.jpg,2025,boomerang,6,14,58,13,a blue foot band is attached to the side of the shoe,"(['Blue'], [])",the blue shoe is placed on a white surface,"(['Blue', 'White'], ['Lace'])",a blue rubber shoe with a rubber sole,"(['Blue'], ['Rubber'])",an object with a blue design in front of it,"(['Blue'], [])",a blue rubber band with a small handle and a white background,"(['Blue'], ['Rubber'])",a blue foot pad on a white background,"(['Blue'], [])",blue plastic foot rest with marble print,"(['Blue'], ['Plastic'])",a blue plastic foot shoe holder that is open,"(['Blue'], ['Plastic'])",an adjustable foot rest with blue fabric,"(['Blue'], [])",an object that is on top of a piece of plastic blue material,"(['Blue'], ['Plastic'])","(100, 60)",100,0.39854250008597725,60,0.14523802438751093
data/images/noun/2026-600.jpg,2026,dog toy,16,71,63,17,this is a green and red rubber dog toy,"(['Red', 'Green'], ['Rubber'])","a small green and red plastic device with the word ""green"" on it","(['Red', 'Green'], ['Plastic'])",an empty green and red plastic toy with a red handle,"(['Red', 'Green'], ['Plastic'])",a green and red rubber dog toy with red handle,"(['Red', 'Green'], ['Rubber'])",pawz bar for dog exercise - green/red,"(['Red', 'Green'], [])",an image of an orange and green toy,"(['Orange', 'Green'], [])",an object that has been made green and red,"(['Red', 'Green'], [])",green plastic object with red handle on white surface,"(['Red', 'Green', 'White'], ['Plastic'])",the rubber toy has two holes on the end,"([], ['Rubber'])",a green and red rubber dog toy,"(['Red', 'Green'], ['Rubber'])","(90, 70)",90,0.39854250008597725,70,0.14523802438751093
data/images/noun/2027-600.jpg,2027,room freshener toy,22,38,47,9,a white ball shaped object with a hole in the center,"(['White'], [])",an white ball with holes and a hole,"(['White'], [])",a white ball with the bottom half cut off,"(['White'], [])",a white plastic ball with holes on it,"(['White'], ['Plastic'])",paws4paws-pet-nest-ball-2-pc-white,"(['White'], [])",a white plastic ball sitting on top of a white surface,"(['White'], ['Plastic'])",a small white ball with an open hole on top,"(['White'], [])",a white ball shaped object that has two small holes on the bottom,"(['White'], [])",a white plastic ball with an attached pipe,"(['White'], ['Plastic'])",the ball is in white and has a hole in it,"(['White'], [])","(100, 30)",100,0.39854250008597725,30,0.14523802438751093
data/images/noun/2028-600.jpg,2028,cat toy found at the pound store,6,47,53,63,cute pink pom pom toy,"(['Pink'], [])",a group of pink fluffy pom poms tied on a ring,"(['Pink'], [])",a pink fluffy pom pom toy,"(['Pink'], [])",three donuts with white bows are held on a white background,"([], [])",donkey kong pom pom ring for cats,"([], [])",an inflatable pink ball with four pom poms attached to it,"(['Pink'], [])",fancy donuts in pink / puffy pink - 7pcs,"(['Pink'], ['Puffy'])",dog toy with pink yarn around it,"(['Pink'], [])",pink fluffy donut toy for small dogs,"(['Pink'], [])",a pink rubber donut attached to three wires,"(['Pink'], ['Rubber'])","(80, 20)",80,0.39854250008597725,20,0.14523802438751093
data/images/noun/2029-600.jpg,2029,cover for room fresheners,19,27,65,16,mec p90/92 suppressor adapter for black rifle/rifle/sbr/r,"(['Black'], [])",the gun safety switch is a part of the safety for the gun,"([], [])",magnum clip on trigger guard for magpul m16a4,"([], [])","the small black object has the word, 'hot' written on it","(['Black'], [])",a close up of a black plastic camera clip,"(['Black'], ['Plastic'])",a black plastic water bottle cap,"(['Black'], ['Plastic'])",paintball guns and parts airsoft paintball markers for airsoft guns and airsoft guns for,"([], ['Soft'])",airsoft gun bolt for the m4/m16/m4a1,"([], ['Soft'])",rk-12k/rk-14k - gas tube adapter - black,"(['Black'], [])",the new aa - sstl air pump,"([], [])","(50, 40)",50,0.39854250008597725,40,0.14523802438751093
data/images/noun/2030-600.jpg,2030,marker,9,43,53,0,the purple bottle is shaped like a cute elephant,"(['Purple'], [])",a small blue and white plastic toy with its face down,"(['Blue', 'White'], ['Plastic'])",a small blue and white plastic toy on a white background,"(['Blue'], ['Plastic'])",a blue toy with a face on a white background,"(['Blue'], [])",sudy aufkleber wirbelhafte,"([], [])",a blue plastic figurine with a purple head,"(['Blue', 'Purple'], ['Plastic'])",a blue and purple toy that has a purple top,"(['Blue', 'Purple'], [])",a blue and purple plastic toy with a head and eyes,"(['Blue', 'Purple'], ['Plastic'])",blue pepper grinder with purple handle,"(['Blue', 'Purple'], [])","a blue, small and pink toy with a large black head","(['Blue', 'Pink', 'Black'], [])","(90, 40)",90,0.39854250008597725,40,0.14523802438751093
data/images/noun/2031.jpg,2031,book end,16,32,35,26,stainless steel cnc bent bracket,"([], [])",cnc aluminum castings - aluminum handrail,"([], [])",the aluminum arm rests are available for the table top,"([], [])",an aluminum plate with a curved metal bar on it,"([], [])",the wave shaped metal part of a bathroom sink,"([], [])",silver plated aluminum hand rail,"(['Silver'], [])",aluminium bar holder for hanging on wall,"([], [])","a metal plate on a white surface with the words ""metallic"" on it","(['White'], ['Metallic'])",steel hinge for window handle,"([], [])",stainless steel bar clamp,"([], [])","(20, 10)",20,0.39854250008597725,10,0.14523802438751093
data/images/noun/2032-600.jpg,2032,submarine,47,90,50,3,an orange and blue plastic toy airplane,"(['Orange', 'Blue'], ['Plastic'])",a plastic toy plane shaped like an orange rocket,"(['Orange'], ['Plastic'])",orange rubber boat toy with blue fins on top,"(['Orange', 'Blue'], ['Rubber'])",an orange plastic toy plane with blue and white trim,"(['Orange', 'Blue', 'White'], ['Plastic'])",small orange toy airplane with blue and white wings,"(['Orange', 'Blue', 'White'], [])",an orange toy airplane is sitting on a white surface,"(['Orange', 'White'], [])",the orange plastic toy is shaped like a rocket,"(['Orange'], ['Plastic'])",an orange toy toy plane with an orange top,"(['Orange'], [])",a small orange plastic toy boat with a blue bow,"(['Orange', 'Blue'], ['Plastic'])",sensory toys for kids,"([], [])","(90, 60)",90,0.39854250008597725,60,0.14523802438751093
data/images/noun/2033-600.jpg,2033,cat toy cage,9,57,55,3,an orange box that has a green lattice pattern,"(['Orange', 'Green'], [])","an orange, plastic toy with four holes and a white background","(['Orange'], ['Plastic'])",a picture of a small orange crate,"(['Orange'], [])","an orange, plastic storage box with green trim","(['Orange', 'Green'], ['Plastic'])",a yellow plastic toy with a diamond design,"(['Yellow'], ['Plastic'])",a plastic orange box with a diamond pattern,"(['Orange'], ['Plastic'])",a plastic crate with a green handle,"(['Green'], ['Plastic'])",orange storage shelf for clothes,"(['Orange'], [])",an orange plastic piece with a green trim,"(['Orange', 'Green'], ['Plastic'])",small orange basket with geometric pattern and green handles,"(['Orange', 'Green'], [])","(100, 60)",100,0.39854250008597725,60,0.14523802438751093
data/images/noun/2034-600.jpg,2034,worm ball with cut off hands or stars,72,39,45,26,mummy lolly in a pack of 24,"([], [])",an assortment of colorful rubber snakes,"([], ['Rubber'])",a large pile of colorful plastic toys on a white background,"([], ['Plastic'])",the kiddie rubber ball,"([], ['Rubber'])",a close up of the colorful rubber wands that are on a white surface,"(['White'], ['Rubber'])","an orange, pink, and green plastic toy","(['Orange', 'Green', 'Pink'], ['Plastic'])",yellow and green string toy,"(['Yellow', 'Green'], [])",the head of a bunch of colored rubber bands,"(['Red'], ['Rubber'])",mushroom-shaped rubber snakes with a green tail and pink body,"(['Green', 'Pink'], ['Rubber'])","a pile of colorful, multicolored rubber tubes","(['Red'], ['Rubber'])","(60, 80)",60,0.39854250008597725,80,0.14523802438751093
data/images/noun/2035-600.jpg,2035,giant pen with pen tip removed and cooper scourer pad on top,13,54,47,13,a blue toothbrush with brown fibers on it,"(['Blue', 'Brown'], [])",an ear cleaning brush in a blue plastic case,"(['Blue'], ['Plastic'])",a blue and brown hairbrush with an orange and black cap,"(['Orange', 'Blue', 'Brown', 'Black'], [])",the mr mop mop has been used for cleaning purposes,"([], [])","pony tail wands, brown, blue","(['Blue', 'Brown'], [])",the wavy sponge is used as a hairbrush,"([], [])",a small blue stick on a white background,"(['Blue'], [])",bunny ball pom pom,"([], [])",a blue and brown ball with a blue handle,"(['Blue', 'Brown'], [])",a blue and brown hairbrush,"(['Blue', 'Brown'], [])","(70, 10)",70,0.39854250008597725,10,0.14523802438751093
data/images/noun/2036-600.jpg,2036,cup-and-ball toy,59,70,20,20,"a wooden toy has a red, yellow, blue and green handle","(['Red', 'Yellow', 'Green', 'Blue'], ['Wooden'])",wooden wooden toy wooden toy mallet ball,"([], ['Wooden'])","a wooden toy with a green, yellow and red wooden knob","(['Red', 'Yellow', 'Green'], ['Wooden'])","a wooden toy with red, yellow, green, blue, and pink balls on it","(['Red', 'Yellow', 'Green', 'Blue', 'Pink'], ['Wooden'])",the wooden toy hammer is a brightly colored toy,"(['Red'], ['Wooden'])","toy wooden drum with red, yellow, green and blue colors","(['Red', 'Yellow', 'Green', 'Blue'], ['Wooden'])",a wooden toy drum on a white background,"([], ['Wooden'])",wooden toy toy hammer with ball on top,"([], ['Wooden'])",an old wooden toy that is holding a ball,"([], ['Wooden'])",drumsticks wooden children's toy with colorful plastic balls,"([], ['Wooden', 'Plastic'])","(50, 100)",50,0.39854250008597725,100,0.14523802438751093
data/images/noun/2037-600.jpg,2037,teething ring with a bit photoshopped out,34,24,37,3,pink plastic beads with an opening,"(['Pink'], ['Plastic'])","dentist approved, 3 piece dental guard, white","(['White'], [])",a pink plastic bracelet with plastic balls in it,"(['Pink'], ['Plastic'])",a close up of pink beads on a white surface,"(['Pink', 'White'], [])",a pink rubber bracelet with small balls,"(['Pink'], ['Rubber'])",a bracelet with clear plastic beads on it,"([], ['Plastic'])",the teeth of a pink plastic ring,"(['Pink'], ['Plastic'])",tigra tigra - rose gold - 12 x 9,"(['Gold', 'Rose'], [])",pink silicone beads and a pink rubber band,"(['Pink'], ['Rubber'])",a pink bracelet that is holding a round ball,"(['Pink'], [])","(90, 60)",90,0.39854250008597725,60,0.14523802438751093
data/images/noun/2038-600.jpg,2038,heart shaped slinky,56,63,26,6,3d printed raindrops - raindrop rainbow,"([], [])",a rainbow shaped candy ring on white background,"([], [])",a group of colorful plastic tubes arranged in a heart shape,"([], ['Plastic'])","bob's toys - cloud in pink, yellow, green, orange and blue in 1/2","(['Orange', 'Yellow', 'Green', 'Blue', 'Pink'], [])",orange heart shape colored toys,"(['Red', 'Orange'], [])","a close up view of an orange, yellow, green and purple bobby pin","(['Orange', 'Yellow', 'Green', 'Purple'], [])","orange and yellow rainbows, with three of them","(['Orange', 'Yellow'], [])",the inside of an elastic heart shaped toy,"([], [])",two large rainbow colored rings that are attached together,"(['Red'], [])",an image of a colorful ring on a white surface,"(['White'], [])","(60, 10)",60,0.39854250008597725,10,0.14523802438751093
data/images/noun/2039-600.jpg,2039,led top,28,64,61,13,green plastic toy with two small holes,"(['Green'], ['Plastic'])",the green plastic toy is placed on a table,"(['Green'], ['Plastic', 'Lace'])",a green plastic toy with a cross on it,"(['Green'], ['Plastic'])",green colored plastic fidget spinner with white cross,"(['Red', 'Green', 'White'], ['Plastic'])",green plastic cross shaped fidget spinner,"(['Green'], ['Plastic'])",toys r us - kids fidget spinners with lights - green,"(['Green'], [])",a green plastic cross shaped object with a clock inside,"(['Green'], ['Plastic'])",a green plastic puzzle toy with three small pieces,"(['Green'], ['Plastic'])",a plastic toy with green pieces on top,"(['Green'], ['Plastic'])","a small green plastic toy with the letters ""skeet"" on it","(['Green'], ['Plastic'])","(100, 90)",100,0.39854250008597725,90,0.14523802438751093
data/images/noun/2040-600.jpg,2040,rubber toy found in toy aisle,31,64,63,16,a blue and yellow ball with a mop on top,"(['Yellow', 'Blue'], [])",a toy with a blue and yellow ball,"(['Yellow', 'Blue'], [])",an image of the toy with the blue ball,"(['Blue'], [])",mexi toy blue fuzz ball,"(['Blue'], [])",blue and yellow ball with a blue mohawk,"(['Yellow', 'Blue'], [])",a blue and yellow toy with a blue sponge toy in it,"(['Yellow', 'Blue'], [])",a blue ball and yellow tassels on a white background,"(['Yellow', 'Blue'], [])",a toy with yellow and blue spiky hair,"(['Yellow', 'Blue'], [])",a toy ball with blue and yellow fur,"(['Yellow', 'Blue'], [])",a blue and yellow tangle ball with a black and white ball inside,"(['Yellow', 'Blue', 'Black', 'White', 'Tan'], [])","(100, 0)",100,0.39854250008597725,0,0.14523802438751093
data/images/noun/2041-600.jpg,2041,massager,34,38,23,20,wooden multi-functional ball for toy,"([], ['Wooden'])",wooden toy with blue spheres on each end,"(['Blue'], ['Wooden'])",a wooden toy with blue balls on top,"(['Blue'], ['Wooden'])",a wooden toy with balls attached to it,"([], ['Wooden'])",a blue wooden toy with four balls,"(['Blue'], ['Wooden'])",wooden ball cross with blue ball on each side,"(['Blue'], ['Wooden'])",the blue wooden cross stands up against the white background,"(['Blue', 'Tan'], ['Wooden'])",blue wooden wooden toy with three balls on each side,"(['Blue'], ['Wooden'])",wooden toys in the shape of a cross with a blue handle,"(['Blue'], ['Wooden'])",a wooden toy with two balls on top,"([], ['Wooden'])","(70, 100)",70,0.39854250008597725,100,0.14523802438751093
data/images/noun/2042-600.jpg,2042,small personal fan without blades,38,67,81,3,a blue and yellow spray bottle with the top open,"(['Yellow', 'Blue'], [])",a plastic toothbrush in a blue and yellow color,"(['Yellow', 'Blue'], ['Plastic'])",an object with a yellow and blue top on a white background,"(['Yellow', 'Blue'], [])",blue and yellow plastic toothbrush on a white background,"(['Yellow', 'Blue'], ['Plastic'])",this is a toy bottle with blue and yellow plastic,"(['Yellow', 'Blue'], ['Plastic'])",the spray bottle has a yellow top,"(['Yellow'], [])",the 3d printed blue and yellow spray bottle,"(['Yellow', 'Blue'], [])",3d printed yellow and blue cleaning spray,"(['Yellow', 'Blue'], [])",a blue and yellow water bottle with an orange top,"(['Orange', 'Yellow', 'Blue'], [])",a blue and yellow spray bottle with a yellow top,"(['Yellow', 'Blue'], [])","(100, 30)",100,0.39854250008597725,30,0.14523802438751093
data/images/noun/2043.jpg,2043,clacker,66,76,65,6,three colorful plastic balls and a plastic hook,"([], ['Plastic'])",a toy with two colorful plastic balls and a string,"([], ['Plastic'])",a plastic toy with a yellow and pink ball,"(['Yellow', 'Pink'], ['Plastic'])",a toy is attached to a string and plastic toy,"([], ['Plastic'])",fresco plastic toys in india,"([], ['Plastic'])",a toy with two balls attached to it,"([], [])",pvc plastic balls with green and pink,"(['Green', 'Pink'], ['Plastic'])",an object with a pink and green ball,"(['Green', 'Pink'], [])",a toy with two green and yellow balls on it,"(['Yellow', 'Green'], [])",a yellow and green toy is on the ground,"(['Yellow', 'Green'], [])","(50, 60)",50,0.39854250008597725,60,0.14523802438751093
data/images/noun/2044-600.jpg,2044,diving toy with small weight,6,27,94,6,barkit ebbie ball – orange,"(['Orange'], [])",fuzzy rubber toy - orange,"(['Orange'], ['Fuzzy', 'Rubber'])",a toy that has a blue ball on it,"(['Blue'], [])",the yellow and blue toy is shown,"(['Yellow', 'Blue'], [])",the green beanie is made of fabric with holes and an orange head,"(['Orange', 'Green'], [])",a blue and orange plastic toy with a green ball in it,"(['Orange', 'Green', 'Blue'], ['Plastic'])",a toy has orange and blue plastic pieces,"(['Orange', 'Blue'], ['Plastic'])",an orange and blue plastic toothbrush with an orange handle,"(['Orange', 'Blue'], ['Plastic'])",a toy with an orange and blue plastic toothbrush,"(['Orange', 'Blue'], ['Plastic'])",an orange toothbrush with blue balls in it,"(['Orange', 'Blue'], [])","(100, 50)",100,0.39854250008597725,50,0.14523802438751093
data/images/noun/2045-600.jpg,2045,wooden ball toy,25,29,3,55,a wooden stick with eight holes on it,"([], ['Wooden'])",cork handle cork holder,"([], [])",a wooden toothbrush holder with five holes in it,"([], ['Wooden'])","holland glass cork ring, 6 holes, clear","([], [])",the wooden handle has holes for holes,"([], ['Wooden'])",a wooden spoon holder with five holes,"([], ['Wooden'])",a wooden spatula is sitting on top of a white surface,"(['White'], ['Wooden'])",a wooden spoon that has six holes in it,"([], ['Wooden'])",a wooden spoon holder with five holes in it,"([], ['Wooden'])",a wooden spoon with six holes and one with a toothpick in it,"([], ['Wooden'])","(10, 80)",10,0.39854250008597725,80,0.14523802438751093
data/images/noun/2046-600.jpg,2046,keychain with bubbles inside,34,67,42,3,a clear plastic box with a metal keychain attached to it,"([], ['Plastic'])",a clear square plastic case with a metal keychain,"([], ['Plastic'])",glass water bottle with key chain,"([], [])",a square glass key chain that is made out of plastic,"([], ['Plastic'])",keychain with an electronic box of bubbles,"([], [])",laser-etched-glass-ring-for-keychain,"([], [])",the light keychain is decorated with a water droplet design,"([], [])",a small plastic key chain with a piece of glass,"([], ['Plastic'])",a small glass case with an object inside,"([], [])",an image of a small square keychain that has some water droplets on it,"([], [])","(0, 40)",0,0.39854250008597725,40,0.14523802438751093
data/images/noun/2047-600.jpg,2047,perfume sprayer,41,32,50,3,an open black and white bottle with black stripes,"(['Black', 'White'], [])",a black and silver canister with a metal cap,"(['Black', 'Silver'], [])",an empty black and silver pen with a black stripe on the end,"(['Black', 'Silver'], [])","a black, stainless steel, and white cap on a white background","(['Black'], [])",an electronic cigarette on a white surface with a black cap,"(['Black', 'White'], [])",an empty bottle with black and white stripes,"(['Black', 'White'], [])",an aluminum and black pen with a red strip on the top,"(['Red', 'Black'], [])",a black and silver vaporizer on a white background,"(['Black', 'Silver'], [])",an image of a metal and black metal bottle,"(['Black'], [])",e-cigarette liquid atomizer with ceramic atomizer atomizer with ceramic atomizer atomizer with ceramic,"([], [])","(90, 0)",90,0.39854250008597725,0,0.14523802438751093
data/images/noun/2048-600.jpg,2048,worm ball with hands and stars cut off,13,47,55,6,a bunch of toys that look like they are made of plastic,"([], ['Plastic'])",colorful toys are arranged in a pile on a white background,"([], [])",a colorful ball pile up is shown on a white background,"([], [])",several colorful plastic balls in a pile on a white background,"([], ['Plastic'])",colorful plastic balls and toys on a white background,"([], ['Plastic'])",plastic balls with various colors in front of white background,"([], ['Plastic'])",large set of colorful plastic balls arranged on top of each other,"([], ['Plastic'])","ballerina's colorful ball roll-up toy, 24 pcs","([], [])",an image of many colorful balls sitting on top of a small pile,"([], [])",a pile of colorful balls with an octopus head,"([], [])","(0, 50)",0,0.39854250008597725,50,0.14523802438751093
data/images/noun/2049-600.jpg,2049,slide whistle,19,44,39,10,an adjustable rod with a blue plastic handle,"(['Blue'], ['Plastic'])",a plastic pencil with metal holder on a white background,"([], ['Plastic'])",santa rosa blue pen,"(['Blue'], [])",the blue pencil pen has a metal hook,"(['Blue'], [])",a small pen with a white handle and blue handle,"(['Blue', 'White'], [])",a pen is sitting on top of a white surface,"(['White'], [])",a blue pen with a wire end attached,"(['Blue'], [])",a blue tube with a white plastic handle on top,"(['Blue', 'White'], ['Plastic'])",blue pen pen clip on white background,"(['Blue'], [])",the metal hook for an extension cord is on a blue plastic stick,"(['Blue'], ['Plastic'])","(90, 40)",90,0.39854250008597725,40,0.14523802438751093
data/images/noun/2050-600.jpg,2050,mobile phone stand for a car,31,68,45,0,black plastic car dashboard car mount,"(['Black'], ['Plastic'])",an image of a black object on a white background,"(['Black'], [])",a black car head unit sitting on top of a white surface,"(['Black', 'White'], [])","a black, rubber, round object on a white background","(['Black'], ['Rubber'])",the side view of the car mount with the cup holder,"([], [])",an image of the black plastic car mount on a white background,"(['Black'], ['Plastic'])",a black round plastic device is shown in the photo,"(['Black'], ['Plastic'])",a black cup holder with a handle on top,"(['Black'], [])",a black cup holder with a handle attached to the top of it,"(['Black'], [])",a black round base for an electric stove,"(['Black'], [])","(90, 40)",90,0.39854250008597725,40,0.14523802438751093
data/images/noun/2051-600.jpg,2051,finger castanet,53,60,47,9,an open toilet seat that is green with a white base,"(['Green', 'White'], [])",a green toilet seat with a pink flower design,"(['Green', 'Pink'], [])",a green and black circular toy with a pink bow,"(['Green', 'Pink', 'Black'], [])",the wooden toilet seat has a green seat with pink flowers on it,"(['Green', 'Pink'], ['Wooden'])",a green toilet seat with a pink butterfly on it,"(['Green', 'Pink'], [])",a green and white plastic toilet seat with two handles,"(['Green', 'White'], ['Plastic'])",ladybug seat by nintendo green,"(['Green'], [])",this is an open green toilet seat,"(['Green'], [])",a green plastic toilet seat with a green lid,"(['Green'], ['Plastic'])",a green toilet seat with a pink seat cover,"(['Green', 'Pink'], [])","(100, 30)",100,0.39854250008597725,30,0.14523802438751093
data/images/noun/2052-600.jpg,2052,noisemaker,41,53,63,7,an orange plastic toothbrush that has a green handle and a pink head,"(['Orange', 'Green', 'Pink'], ['Plastic'])",the green and red spoons sit on a white surface,"(['Red', 'Green', 'White'], [])",a pink and green flower shaped tool on a white background,"(['Green', 'Pink'], [])",the pink and green plastic flower shaped spoon,"(['Green', 'Pink'], ['Plastic'])",a plastic flower holder with two stems attached,"([], ['Plastic'])",green plastic and pink plastic flower stand,"(['Green', 'Pink', 'Tan'], ['Plastic'])",a green plastic hand with pink flowers,"(['Green', 'Pink'], ['Plastic'])",a green plastic spork with a pink handle,"(['Green', 'Pink'], ['Plastic'])",green plastic flower holder with pink handle,"(['Green', 'Pink'], ['Plastic'])",a pink and green hand held flower blower,"(['Green', 'Pink'], [])","(90, 70)",90,0.39854250008597725,70,0.14523802438751093
data/images/noun/2053-600.jpg,2053,hand castanet,44,79,45,6,hanging clothes hanger,"([], [])",bv12-credi lite red,"(['Red'], [])","cargo hook with rope, red","(['Red'], [])",a red hair dryer is on a stand,"(['Red', 'Tan'], ['Dry'])",a black and red hairbrush on a stand,"(['Red', 'Black', 'Tan'], [])","a red, metal and plastic toothbrush holder","(['Red'], ['Plastic'])",a black and red coat hanger with two red hooks,"(['Red', 'Black'], [])",bobby hook with metal base red,"(['Red'], [])",a pair of scissors is sitting on top of a wooden pole,"([], ['Wooden'])",a pair of scissors with red handles,"(['Red'], [])","(80, 30)",80,0.39854250008597725,30,0.14523802438751093
data/images/noun/2054-600.jpg,2054,floating ball game,3,25,38,48,a wooden stick and a red handle on a white background,"(['Red'], ['Wooden'])",wooden wooden toy hanging from a metal stand,"(['Tan'], ['Wooden'])",the wooden toy has a red handle,"(['Red'], ['Wooden'])",red metal pipe handle on a wooden stick,"(['Red'], ['Wooden'])",a wooden stick with a red stand on it,"(['Red', 'Tan'], ['Wooden'])",mock-up of a wooden bar stool with a metal base,"([], ['Wooden'])",the red metal handle of the axe is on a stand,"(['Red', 'Tan'], [])",a red and wood tool on a white background,"(['Red'], [])",red and white wooden pipe on white background,"(['Red'], ['Wooden'])",a wooden bat that has a handle that is attached to a red stand,"(['Red', 'Tan'], ['Wooden'])","(90, 80)",90,0.39854250008597725,80,0.14523802438751093
data/images/noun/2055-600.jpg,2055,aroma therapy oil burner,13,33,53,13,the yellow vase is shaped like a birdcage,"(['Yellow'], [])",a small vase with a hole in it,"([], [])",green ceramic vase with holes in it,"(['Green'], [])",a green vase with holes in it,"(['Green'], [])",yellow glass table top,"(['Yellow'], [])",a green ceramic stool with a hole in the middle,"(['Green'], [])",lime green ceramic vase with a hole pattern,"(['Green'], [])",a green vase with holes cut into it,"(['Green'], [])",ceramic vase in a yellow color with holes in it,"(['Yellow'], [])",a green vase with cut outs on it,"(['Green'], [])","(90, 0)",90,0.39854250008597725,0,0.14523802438751093
data/images/noun/2056-600.jpg,2056,dog toy,19,59,61,13,a small toy airplane with a colorful handle,"([], [])",a toy airplane shaped like a rainbow colored toy,"(['Red'], [])",rainbow dog toy - dog toy - colorful dog toys,"([], [])",dog toys on a white background,"([], [])","airplane rubber dog toy, 1/4 inch - rainbow","([], ['Rubber'])",small toy plane toy in color on white background,"([], [])","a toy airplane shaped like a rainbow and red, yellow and blue","(['Red', 'Yellow', 'Blue'], [])",a toy plane made out of colored paper,"(['Red'], [])",a toy plane with rainbow colors on it,"([], [])",a toy plane made of foam and rubber,"([], ['Rubber'])","(30, 20)",30,0.39854250008597725,20,0.14523802438751093
data/images/noun/2057-600.jpg,2057,spout for watering can,34,32,35,3,a red and black fan with a black handle,"(['Red', 'Black'], [])",a red and white fan with a black handle,"(['Red', 'Black', 'White'], [])",a red fan that is sitting on top of a white background,"(['Red'], [])",a red fan with black handle sitting on a white background,"(['Red', 'Black'], [])",the round brush is red and has black trim,"(['Red', 'Black'], [])",a red plastic fan with white handle on a white background,"(['Red'], ['Plastic'])",a red and white fan that is on top of a white background,"(['Red'], [])",a red plastic fan sitting on top of a black plastic base,"(['Red', 'Black'], ['Plastic'])",a red umbrella with a black handle on it,"(['Red', 'Black'], [])",an image of a red fan,"(['Red'], [])","(100, 20)",100,0.39854250008597725,20,0.14523802438751093
data/images/noun/2058-600.jpg,2058,hole for children golf game,22,33,58,3,a plastic ring with pink plastic around it,"(['Pink'], ['Plastic'])",the toilet seat cover with a pink plastic top,"(['Pink'], ['Plastic'])",the round plastic toilet bowl is in pink,"(['Pink'], ['Plastic'])",a pink plastic circular toilet seat,"(['Pink'], ['Plastic'])",a pink plastic toilet seat cover,"(['Pink'], ['Plastic'])",an oval pink plastic toilet bowl with hole,"(['Pink'], ['Plastic'])",a plastic ring shaped like a circle,"([], ['Plastic'])",a plastic toilet seat ring on a white background,"([], ['Plastic'])",a pink plastic toilet cover that has an opening,"(['Pink'], ['Plastic'])",a plastic circle is a little bit different from the rest of the toilet bowl,"([], ['Plastic'])","(70, 100)",70,0.39854250008597725,100,0.14523802438751093
data/images/noun/2059-600.jpg,2059,maraca pen,75,92,28,0,a purple spatula shaped like a spoon,"(['Purple'], [])",purple vibrating spoon,"(['Purple'], [])",this is an image of a purple sex toy,"(['Purple'], [])",a purple egg shaped spoon with a long handle,"(['Purple'], [])",a plastic spoon shaped like a spork is purple,"(['Purple'], ['Plastic'])",an egg shaped purple plastic toy with a wooden handle,"(['Purple'], ['Wooden', 'Plastic'])",a purple plastic spoons and a spoon shaped in the shape of a spoon,"(['Purple'], ['Plastic'])",a purple spork is sitting on a white background,"(['Purple'], [])",an egg shaped vibrator with purple handle,"(['Purple'], [])",the purple spork has a long spoon in the bottom,"(['Purple'], [])","(100, 30)",100,0.39854250008597725,30,0.14523802438751093
data/images/noun/2060-600.jpg,2060,dog toy with removed rope,38,32,55,29,"red, plastic flower shaped toy on a white background","(['Red'], ['Plastic'])",this is a picture of a red rubber ball,"(['Red'], ['Rubber'])",a large red toy made up of plastic balls,"(['Red'], ['Plastic'])",a red dog toy with five plastic balls inside,"(['Red'], ['Plastic'])",a toy in red with five pieces of plastic,"(['Red'], ['Plastic'])",an image of an object that looks like an object,"([], [])",dog toys toys & gifts for dogs & pets online,"([], [])",a plastic toy with some red goo in it,"(['Red'], ['Plastic'])",coconut dog treat in clear jelly,"([], [])",a red plastic toy with a flower on it,"(['Red'], ['Plastic'])","(70, 70)",70,0.39854250008597725,70,0.14523802438751093
data/images/noun/2061-600.jpg,2061,dog toy,53,53,59,13,a toy with a colorful donut shape,"([], [])",a dog toy is made to look like a green doughnut,"(['Green'], [])",dog ball - corona donut,"([], [])",an image of a toy doughnut on a white background,"([], [])",a green rubber donut shaped like a donut,"(['Green'], ['Rubber'])",the dog toy has been made from plastic,"([], ['Plastic'])",a green toy dog toy with colorful dots on it,"(['Green'], [])",small colorful bubble ball dog toy,"([], [])",a small green toy with colorful dots on it,"(['Green'], [])",a green plastic ring with multi colored dots,"(['Red', 'Green'], ['Plastic'])","(50, 30)",50,0.39854250008597725,30,0.14523802438751093
data/images/noun/2062-600.jpg,2062,dog toy,44,56,29,42,tug and tug dog toy,"([], [])",an orange plastic toy ring is sitting on a white surface,"(['Orange', 'White'], ['Plastic'])",the petz berry ring has a large orange spike on it,"(['Orange'], [])",a orange rubber ring on a white background,"(['Orange'], ['Rubber'])",an orange toy on a white background,"(['Orange'], [])",a small orange plastic toy that has small spikes on it,"(['Orange'], ['Plastic'])",a round orange plastic ball shaped toy,"(['Orange'], ['Plastic'])",orange twisty rubber ring for your dog,"(['Orange'], ['Rubber'])",an orange spiky dog toy on a white background,"(['Orange'], [])",a circular orange rubber toy is sitting on a white background,"(['Orange'], ['Rubber'])","(90, 60)",90,0.39854250008597725,60,0.14523802438751093
data/images/noun/2063-600.jpg,2063,magic loops,25,38,13,19,a metal sculpture with multi colored balls on it,"(['Red'], [])",a metal sculpture with multicolored beads on it,"(['Red'], [])",solar system of toys,"([], [])",an iron sculpture of a planet in the shape of a ring,"([], [])",a metal sphere made out of various colors,"([], [])",a metal sculpture that is shaped like an orb,"([], [])",this is an image of a metal sculpture that is in the shape of a globe,"([], [])",a wire and beads sculpture of a ring with different colors,"([], [])",a multi colored chain with a ball attached,"(['Red'], [])","a colorful, three - sided wire globe with a bunch of colored balls","(['Red'], [])","(40, 0)",40,0.39854250008597725,0,0.14523802438751093
data/images/noun/2064-600.jpg,2064,massager,28,33,45,3,a green leg stool with silver feet,"(['Green', 'Silver'], [])",a green foot stool that has a plastic body,"(['Green'], ['Plastic'])",an item of green plastic that has wheels,"(['Green'], ['Plastic'])",the sci-fi style foot massager is green and has three legs,"(['Green'], [])",a small green and silver robot footstool,"(['Green', 'Silver'], [])",a green object on top of the leg and feet,"(['Green'], [])",a green leg massager with wheels and metal feet,"(['Green'], [])",the remote massager is designed in green,"(['Green'], [])",an image of an electronic device that is green,"(['Green'], [])",an image of a green leg massager,"(['Green'], [])","(100, 20)",100,0.39854250008597725,20,0.14523802438751093
