index,image_file,fromage_filtered_output
2,data/images/quantifier/test_2.png,"['some', 'most', 'some', 'many', 'many']"
5,data/images/quantifier/test_5.png,"['few', 'many', 'none', 'almost none', 'almost none']"
13,data/images/quantifier/test_13.png,"['none', 'none', 'some', 'the smaller part', 'all']"
16,data/images/quantifier/test_16.png,"['some', 'most', 'most', 'all', 'all']"
20,data/images/quantifier/test_20.png,"['few', 'many', 'many', 'few', 'most']"
24,data/images/quantifier/test_24.png,"['many', 'the smaller part', 'all', 'almost all', 'none']"
25,data/images/quantifier/test_25.png,"['most', 'some', 'some', 'some', 'almost all']"
29,data/images/quantifier/test_29.png,"['almost all', 'almost none', 'almost none', 'almost all', 'all']"
46,data/images/quantifier/test_46.png,"['all', 'some', 'almost none', 'all', 'most']"
49,data/images/quantifier/test_49.png,"['many', 'all', 'all', 'most', 'almost all']"
52,data/images/quantifier/test_52.png,"['almost none', 'almost all', 'almost all', 'the smaller part', 'most']"
56,data/images/quantifier/test_56.png,"['almost all', 'all', 'almost none', 'almost all', 'few']"
60,data/images/quantifier/test_60.png,"['none', 'most', 'few', 'almost all', 'some']"
63,data/images/quantifier/test_63.png,"['the smaller part', 'most', 'many', 'many', 'many']"
66,data/images/quantifier/test_66.png,"['most', 'all', 'all', 'many', 'most']"
69,data/images/quantifier/test_69.png,"['many', 'the smaller part', 'some', 'many', 'few']"
76,data/images/quantifier/test_76.png,"['many', 'the smaller part', 'none', 'few', 'the smaller part']"
84,data/images/quantifier/test_84.png,"['all', 'most', 'the smaller part', 'most', 'the smaller part']"
86,data/images/quantifier/test_86.png,"['almost none', 'many', 'few', 'almost none', 'almost all']"
93,data/images/quantifier/test_93.png,"['almost all', 'many', 'most', 'many', 'almost all']"
111,data/images/quantifier/test_111.png,"['the smaller part', 'many', 'most', 'many', 'none']"
112,data/images/quantifier/test_112.png,"['many', 'almost all', 'almost all', 'none', 'almost all']"
114,data/images/quantifier/test_114.png,"['almost all', 'most', 'almost all', 'some', 'some']"
115,data/images/quantifier/test_115.png,"['almost all', 'the smaller part', 'the smaller part', 'almost all', 'almost all']"
116,data/images/quantifier/test_116.png,"['few', 'all', 'the smaller part', 'almost none', 'almost none']"
117,data/images/quantifier/test_117.png,"['most', 'none', 'the smaller part', 'almost none', 'few']"
119,data/images/quantifier/test_119.png,"['many', 'the smaller part', 'many', 'the smaller part', 'almost none']"
121,data/images/quantifier/test_121.png,"['the smaller part', 'most', 'most', 'many', 'almost none']"
122,data/images/quantifier/test_122.png,"['the smaller part', 'the smaller part', 'the smaller part', 'most', 'the smaller part']"
128,data/images/quantifier/test_128.png,"['none', 'most', 'many', 'most', 'none']"
132,data/images/quantifier/test_132.png,"['the smaller part', 'almost none', 'almost none', 'many', 'almost all']"
134,data/images/quantifier/test_134.png,"['few', 'many', 'none', 'none', 'many']"
137,data/images/quantifier/test_137.png,"['most', 'the smaller part', 'all', 'most', 'few']"
143,data/images/quantifier/test_143.png,"['the smaller part', 'many', 'almost all', 'the smaller part', 'few']"
148,data/images/quantifier/test_148.png,"['most', 'the smaller part', 'few', 'many', 'almost none']"
153,data/images/quantifier/test_153.png,"['some', 'the smaller part', 'few', 'few', 'some']"
155,data/images/quantifier/test_155.png,"['almost none', 'most', 'few', 'the smaller part', 'almost all']"
166,data/images/quantifier/test_166.png,"['the smaller part', 'none', 'the smaller part', 'all', 'most']"
170,data/images/quantifier/test_170.png,"['all', 'the smaller part', 'some', 'most', 'almost all']"
174,data/images/quantifier/test_174.png,"['none', 'most', 'none', 'all', 'the smaller part']"
178,data/images/quantifier/test_178.png,"['all', 'many', 'most', 'the smaller part', 'the smaller part']"
180,data/images/quantifier/test_180.png,"['most', 'almost all', 'all', 'the smaller part', 'most']"
182,data/images/quantifier/test_182.png,"['none', 'almost none', 'all', 'the smaller part', 'most']"
195,data/images/quantifier/test_195.png,"['the smaller part', 'all', 'many', 'many', 'none']"
196,data/images/quantifier/test_196.png,"['most', 'almost all', 'some', 'the smaller part', 'all']"
203,data/images/quantifier/test_203.png,"['all', 'almost none', 'all', 'almost none', 'all']"
205,data/images/quantifier/test_205.png,"['some', 'most', 'almost all', 'many', 'all']"
207,data/images/quantifier/test_207.png,"['few', 'all', 'most', 'the smaller part', 'all']"
211,data/images/quantifier/test_211.png,"['all', 'none', 'many', 'most', 'all']"
212,data/images/quantifier/test_212.png,"['most', 'many', 'almost all', 'most', 'most']"
215,data/images/quantifier/test_215.png,"['the smaller part', 'many', 'almost none', 'most', 'almost none']"
219,data/images/quantifier/test_219.png,"['many', 'all', 'almost all', 'almost all', 'most']"
223,data/images/quantifier/test_223.png,"['the smaller part', 'almost all', 'none', 'all', 'almost all']"
224,data/images/quantifier/test_224.png,"['all', 'most', 'all', 'all', 'all']"
225,data/images/quantifier/test_225.png,"['none', 'many', 'most', 'many', 'almost all']"
230,data/images/quantifier/test_230.png,"['the smaller part', 'the smaller part', 'some', 'all', 'many']"
231,data/images/quantifier/test_231.png,"['most', 'none', 'none', 'almost all', 'most']"
235,data/images/quantifier/test_235.png,"['some', 'the smaller part', 'almost all', 'almost none', 'most']"
242,data/images/quantifier/test_242.png,"['many', 'almost all', 'almost all', 'almost none', 'all']"
246,data/images/quantifier/test_246.png,"['many', 'the smaller part', 'almost all', 'all', 'almost none']"
247,data/images/quantifier/test_247.png,"['none', 'none', 'almost all', 'almost none', 'most']"
255,data/images/quantifier/test_255.png,"['all', 'the smaller part', 'the smaller part', 'all', 'the smaller part']"
260,data/images/quantifier/test_260.png,"['almost all', 'many', 'most', 'almost all', 'most']"
261,data/images/quantifier/test_261.png,"['some', 'most', 'the smaller part', 'many', 'all']"
263,data/images/quantifier/test_263.png,"['many', 'almost none', 'almost all', 'none', 'the smaller part']"
278,data/images/quantifier/test_278.png,"['many', 'most', 'most', 'the smaller part', 'many']"
287,data/images/quantifier/test_287.png,"['all', 'some', 'most', 'the smaller part', 'almost all']"
307,data/images/quantifier/test_307.png,"['the smaller part', 'few', 'almost all', 'almost none', 'almost none']"
308,data/images/quantifier/test_308.png,"['almost all', 'almost none', 'almost none', 'most', 'the smaller part']"
317,data/images/quantifier/test_317.png,"['the smaller part', 'almost none', 'almost all', 'the smaller part', 'almost none']"
324,data/images/quantifier/test_324.png,"['many', 'many', 'almost all', 'most', 'the smaller part']"
328,data/images/quantifier/test_328.png,"['almost none', 'the smaller part', 'almost none', 'the smaller part', 'the smaller part']"
333,data/images/quantifier/test_333.png,"['all', 'some', 'all', 'almost none', 'most']"
340,data/images/quantifier/test_340.png,"['most', 'most', 'most', 'all', 'almost none']"
345,data/images/quantifier/test_345.png,"['none', 'almost all', 'the smaller part', 'all', 'almost none']"
348,data/images/quantifier/test_348.png,"['some', 'some', 'most', 'most', 'most']"
351,data/images/quantifier/test_351.png,"['almost all', 'the smaller part', 'few', 'the smaller part', 'none']"
357,data/images/quantifier/test_357.png,"['almost none', 'almost none', 'most', 'most', 'many']"
358,data/images/quantifier/test_358.png,"['all', 'almost none', 'most', 'all', 'none']"
362,data/images/quantifier/test_362.png,"['some', 'few', 'the smaller part', 'some', 'many']"
363,data/images/quantifier/test_363.png,"['almost all', 'many', 'some', 'almost all', 'none']"
371,data/images/quantifier/test_371.png,"['most', 'most', 'almost all', 'most', 'almost none']"
374,data/images/quantifier/test_374.png,"['many', 'all', 'the smaller part', 'few', 'most']"
375,data/images/quantifier/test_375.png,"['most', 'some', 'most', 'the smaller part', 'the smaller part']"
383,data/images/quantifier/test_383.png,"['many', 'none', 'almost all', 'the smaller part', 'the smaller part']"
385,data/images/quantifier/test_385.png,"['the smaller part', 'all', 'almost none', 'almost none', 'the smaller part']"
387,data/images/quantifier/test_387.png,"['many', 'many', 'many', 'the smaller part', 'some']"
390,data/images/quantifier/test_390.png,"['many', 'almost all', 'most', 'the smaller part', 'the smaller part']"
394,data/images/quantifier/test_394.png,"['most', 'most', 'most', 'none', 'almost none']"
396,data/images/quantifier/test_396.png,"['few', 'many', 'none', 'many', 'almost none']"
398,data/images/quantifier/test_398.png,"['almost none', 'many', 'all', 'the smaller part', 'almost none']"
404,data/images/quantifier/test_404.png,"['the smaller part', 'almost none', 'some', 'all', 'most']"
406,data/images/quantifier/test_406.png,"['most', 'all', 'almost none', 'the smaller part', 'many']"
407,data/images/quantifier/test_407.png,"['most', 'the smaller part', 'most', 'all', 'almost none']"
410,data/images/quantifier/test_410.png,"['all', 'some', 'almost none', 'the smaller part', 'most']"
411,data/images/quantifier/test_411.png,"['the smaller part', 'most', 'most', 'almost none', 'all']"
413,data/images/quantifier/test_413.png,"['none', 'many', 'the smaller part', 'almost none', 'some']"
419,data/images/quantifier/test_419.png,"['few', 'all', 'most', 'the smaller part', 'all']"
426,data/images/quantifier/test_426.png,"['almost none', 'most', 'almost none', 'the smaller part', 'almost none']"
428,data/images/quantifier/test_428.png,"['most', 'many', 'almost none', 'many', 'none']"
429,data/images/quantifier/test_429.png,"['the smaller part', 'most', 'most', 'the smaller part', 'all']"
432,data/images/quantifier/test_432.png,"['all', 'some', 'none', 'almost all', 'most']"
433,data/images/quantifier/test_433.png,"['many', 'most', 'almost all', 'all', 'almost none']"
436,data/images/quantifier/test_436.png,"['almost all', 'almost none', 'the smaller part', 'most', 'none']"
443,data/images/quantifier/test_443.png,"['almost none', 'all', 'most', 'almost none', 'almost all']"
445,data/images/quantifier/test_445.png,"['many', 'all', 'all', 'none', 'almost none']"
454,data/images/quantifier/test_454.png,"['none', 'most', 'almost all', 'few', 'most']"
463,data/images/quantifier/test_463.png,"['all', 'the smaller part', 'all', 'almost none', 'some']"
472,data/images/quantifier/test_472.png,"['almost none', 'most', 'the smaller part', 'all', 'most']"
473,data/images/quantifier/test_473.png,"['most', 'all', 'almost none', 'almost none', 'almost none']"
483,data/images/quantifier/test_483.png,"['many', 'most', 'almost all', 'almost all', 'many']"
484,data/images/quantifier/test_484.png,"['most', 'many', 'almost none', 'most', 'almost all']"
485,data/images/quantifier/test_485.png,"['almost all', 'all', 'none', 'almost all', 'some']"
495,data/images/quantifier/test_495.png,"['almost all', 'almost none', 'almost none', 'almost all', 'some']"
496,data/images/quantifier/test_496.png,"['the smaller part', 'almost none', 'almost all', 'almost none', 'many']"
498,data/images/quantifier/test_498.png,"['the smaller part', 'none', 'almost all', 'none', 'none']"
499,data/images/quantifier/test_499.png,"['almost none', 'some', 'few', 'none', 'most']"
502,data/images/quantifier/test_502.png,"['all', 'almost all', 'most', 'few', 'almost all']"
507,data/images/quantifier/test_507.png,"['most', 'the smaller part', 'almost none', 'almost none', 'none']"
515,data/images/quantifier/test_515.png,"['all', 'almost all', 'almost none', 'some', 'few']"
520,data/images/quantifier/test_520.png,"['the smaller part', 'almost none', 'almost all', 'most', 'almost all']"
532,data/images/quantifier/test_532.png,"['many', 'most', 'many', 'almost all', 'the smaller part']"
540,data/images/quantifier/test_540.png,"['the smaller part', 'most', 'almost none', 'almost all', 'almost none']"
543,data/images/quantifier/test_543.png,"['almost all', 'many', 'most', 'almost all', 'almost none']"
545,data/images/quantifier/test_545.png,"['few', 'the smaller part', 'almost none', 'almost none', 'the smaller part']"
546,data/images/quantifier/test_546.png,"['almost none', 'none', 'all', 'most', 'most']"
547,data/images/quantifier/test_547.png,"['almost none', 'all', 'almost none', 'some', 'almost all']"
549,data/images/quantifier/test_549.png,"['most', 'almost none', 'none', 'few', 'few']"
553,data/images/quantifier/test_553.png,"['almost all', 'most', 'all', 'all', 'the smaller part']"
557,data/images/quantifier/test_557.png,"['all', 'almost all', 'many', 'none', 'most']"
558,data/images/quantifier/test_558.png,"['few', 'none', 'almost none', 'all', 'almost all']"
562,data/images/quantifier/test_562.png,"['few', 'many', 'most', 'almost none', 'many']"
572,data/images/quantifier/test_572.png,"['most', 'all', 'many', 'almost none', 'the smaller part']"
587,data/images/quantifier/test_587.png,"['most', 'most', 'all', 'almost none', 'many']"
590,data/images/quantifier/test_590.png,"['almost all', 'almost none', 'all', 'almost all', 'the smaller part']"
593,data/images/quantifier/test_593.png,"['almost all', 'all', 'almost none', 'many', 'all']"
596,data/images/quantifier/test_596.png,"['most', 'few', 'few', 'all', 'almost all']"
606,data/images/quantifier/test_606.png,"['all', 'many', 'many', 'almost none', 'almost none']"
609,data/images/quantifier/test_609.png,"['all', 'most', 'many', 'most', 'almost all']"
622,data/images/quantifier/test_622.png,"['all', 'all', 'most', 'almost none', 'some']"
623,data/images/quantifier/test_623.png,"['some', 'many', 'almost all', 'all', 'all']"
628,data/images/quantifier/test_628.png,"['the smaller part', 'the smaller part', 'almost none', 'all', 'all']"
637,data/images/quantifier/test_637.png,"['most', 'most', 'all', 'some', 'the smaller part']"
638,data/images/quantifier/test_638.png,"['many', 'many', 'almost none', 'all', 'the smaller part']"
644,data/images/quantifier/test_644.png,"['most', 'many', 'almost all', 'most', 'most']"
647,data/images/quantifier/test_647.png,"['almost none', 'many', 'none', 'most', 'the smaller part']"
654,data/images/quantifier/test_654.png,"['many', 'many', 'many', 'many', 'most']"
657,data/images/quantifier/test_657.png,"['none', 'none', 'many', 'almost none', 'many']"
661,data/images/quantifier/test_661.png,"['none', 'almost none', 'all', 'most', 'almost all']"
668,data/images/quantifier/test_668.png,"['the smaller part', 'all', 'most', 'almost none', 'most']"
674,data/images/quantifier/test_674.png,"['many', 'all', 'all', 'most', 'all']"
675,data/images/quantifier/test_675.png,"['many', 'most', 'almost all', 'all', 'almost none']"
681,data/images/quantifier/test_681.png,"['none', 'most', 'the smaller part', 'none', 'most']"
688,data/images/quantifier/test_688.png,"['all', 'most', 'almost all', 'most', 'almost all']"
692,data/images/quantifier/test_692.png,"['almost all', 'the smaller part', 'many', 'all', 'most']"
697,data/images/quantifier/test_697.png,"['the smaller part', 'almost none', 'the smaller part', 'almost all', 'some']"
704,data/images/quantifier/test_704.png,"['the smaller part', 'almost none', 'most', 'most', 'some']"
705,data/images/quantifier/test_705.png,"['few', 'almost none', 'most', 'most', 'the smaller part']"
712,data/images/quantifier/test_712.png,"['some', 'none', 'all', 'none', 'some']"
716,data/images/quantifier/test_716.png,"['almost none', 'almost none', 'all', 'many', 'most']"
721,data/images/quantifier/test_721.png,"['the smaller part', 'some', 'almost all', 'almost none', 'almost all']"
730,data/images/quantifier/test_730.png,"['most', 'most', 'many', 'almost none', 'almost all']"
731,data/images/quantifier/test_731.png,"['the smaller part', 'some', 'all', 'almost all', 'almost all']"
735,data/images/quantifier/test_735.png,"['the smaller part', 'almost all', 'all', 'almost none', 'many']"
736,data/images/quantifier/test_736.png,"['almost none', 'most', 'many', 'many', 'the smaller part']"
740,data/images/quantifier/test_740.png,"['all', 'all', 'all', 'all', 'all']"
758,data/images/quantifier/test_758.png,"['the smaller part', 'most', 'almost none', 'all', 'almost none']"
760,data/images/quantifier/test_760.png,"['some', 'almost all', 'all', 'few', 'many']"
763,data/images/quantifier/test_763.png,"['all', 'the smaller part', 'none', 'almost none', 'most']"
770,data/images/quantifier/test_770.png,"['the smaller part', 'many', 'many', 'the smaller part', 'almost all']"
774,data/images/quantifier/test_774.png,"['many', 'most', 'most', 'most', 'almost none']"
778,data/images/quantifier/test_778.png,"['almost none', 'many', 'almost all', 'none', 'none']"
779,data/images/quantifier/test_779.png,"['some', 'almost all', 'most', 'almost none', 'all']"
784,data/images/quantifier/test_784.png,"['almost none', 'almost all', 'the smaller part', 'almost none', 'almost none']"
787,data/images/quantifier/test_787.png,"['all', 'almost none', 'almost all', 'almost none', 'the smaller part']"
791,data/images/quantifier/test_791.png,"['most', 'the smaller part', 'most', 'some', 'all']"
793,data/images/quantifier/test_793.png,"['most', 'most', 'the smaller part', 'many', 'almost none']"
794,data/images/quantifier/test_794.png,"['few', 'many', 'most', 'some', 'most']"
795,data/images/quantifier/test_795.png,"['some', 'almost all', 'the smaller part', 'all', 'all']"
799,data/images/quantifier/test_799.png,"['some', 'the smaller part', 'few', 'almost all', 'most']"
800,data/images/quantifier/test_800.png,"['almost none', 'many', 'almost all', 'many', 'some']"
804,data/images/quantifier/test_804.png,"['almost none', 'all', 'some', 'almost none', 'almost none']"
806,data/images/quantifier/test_806.png,"['the smaller part', 'almost all', 'many', 'many', 'almost all']"
812,data/images/quantifier/test_812.png,"['almost all', 'almost none', 'almost none', 'all', 'almost all']"
818,data/images/quantifier/test_818.png,"['most', 'none', 'all', 'none', 'few']"
819,data/images/quantifier/test_819.png,"['all', 'the smaller part', 'all', 'most', 'the smaller part']"
820,data/images/quantifier/test_820.png,"['the smaller part', 'the smaller part', 'some', 'the smaller part', 'many']"
823,data/images/quantifier/test_823.png,"['none', 'all', 'the smaller part', 'many', 'many']"
829,data/images/quantifier/test_829.png,"['many', 'almost none', 'almost all', 'all', 'almost none']"
836,data/images/quantifier/test_836.png,"['all', 'almost none', 'the smaller part', 'all', 'none']"
849,data/images/quantifier/test_849.png,"['almost all', 'the smaller part', 'most', 'almost all', 'none']"
850,data/images/quantifier/test_850.png,"['none', 'none', 'most', 'the smaller part', 'the smaller part']"
855,data/images/quantifier/test_855.png,"['almost none', 'the smaller part', 'all', 'most', 'all']"
857,data/images/quantifier/test_857.png,"['almost none', 'few', 'most', 'the smaller part', 'all']"
864,data/images/quantifier/test_864.png,"['almost all', 'all', 'almost all', 'most', 'none']"
867,data/images/quantifier/test_867.png,"['almost none', 'some', 'many', 'many', 'many']"
873,data/images/quantifier/test_873.png,"['many', 'most', 'many', 'all', 'almost all']"
874,data/images/quantifier/test_874.png,"['all', 'almost all', 'none', 'almost all', 'none']"
875,data/images/quantifier/test_875.png,"['all', 'almost none', 'the smaller part', 'all', 'all']"
879,data/images/quantifier/test_879.png,"['most', 'the smaller part', 'the smaller part', 'none', 'most']"
892,data/images/quantifier/test_892.png,"['the smaller part', 'almost none', 'almost none', 'all', 'the smaller part']"
902,data/images/quantifier/test_902.png,"['many', 'many', 'many', 'many', 'many']"
905,data/images/quantifier/test_905.png,"['none', 'the smaller part', 'few', 'almost none', 'the smaller part']"
911,data/images/quantifier/test_911.png,"['the smaller part', 'most', 'the smaller part', 'none', 'all']"
912,data/images/quantifier/test_912.png,"['all', 'most', 'all', 'the smaller part', 'the smaller part']"
913,data/images/quantifier/test_913.png,"['few', 'many', 'the smaller part', 'most', 'almost none']"
920,data/images/quantifier/test_920.png,"['the smaller part', 'none', 'the smaller part', 'the smaller part', 'almost all']"
921,data/images/quantifier/test_921.png,"['the smaller part', 'none', 'many', 'none', 'almost none']"
929,data/images/quantifier/test_929.png,"['many', 'all', 'most', 'few', 'some']"
938,data/images/quantifier/test_938.png,"['almost all', 'almost none', 'all', 'all', 'the smaller part']"
939,data/images/quantifier/test_939.png,"['the smaller part', 'almost none', 'some', 'almost none', 'most']"
951,data/images/quantifier/test_951.png,"['almost none', 'many', 'almost none', 'the smaller part', 'the smaller part']"
953,data/images/quantifier/test_953.png,"['almost all', 'all', 'almost all', 'few', 'almost all']"
963,data/images/quantifier/test_963.png,"['none', 'many', 'all', 'all', 'the smaller part']"
964,data/images/quantifier/test_964.png,"['most', 'almost none', 'almost none', 'the smaller part', 'most']"
966,data/images/quantifier/test_966.png,"['many', 'none', 'most', 'almost none', 'many']"
968,data/images/quantifier/test_968.png,"['most', 'many', 'many', 'many', 'the smaller part']"
969,data/images/quantifier/test_969.png,"['all', 'some', 'none', 'most', 'almost all']"
971,data/images/quantifier/test_971.png,"['all', 'many', 'most', 'almost all', 'many']"
974,data/images/quantifier/test_974.png,"['almost none', 'almost none', 'the smaller part', 'none', 'none']"
977,data/images/quantifier/test_977.png,"['almost all', 'the smaller part', 'most', 'the smaller part', 'almost none']"
982,data/images/quantifier/test_982.png,"['all', 'the smaller part', 'almost none', 'almost all', 'all']"
997,data/images/quantifier/test_997.png,"['none', 'some', 'almost all', 'few', 'none']"
999,data/images/quantifier/test_999.png,"['all', 'none', 'many', 'many', 'almost none']"
1006,data/images/quantifier/test_1006.png,"['all', 'almost none', 'most', 'almost all', 'few']"
1012,data/images/quantifier/test_1012.png,"['the smaller part', 'none', 'the smaller part', 'all', 'some']"
1015,data/images/quantifier/test_1015.png,"['all', 'almost all', 'none', 'most', 'almost none']"
1018,data/images/quantifier/test_1018.png,"['many', 'the smaller part', 'most', 'almost none', 'the smaller part']"
1020,data/images/quantifier/test_1020.png,"['almost none', 'almost none', 'almost all', 'many', 'almost none']"
1022,data/images/quantifier/test_1022.png,"['many', 'many', 'some', 'almost all', 'almost none']"
1023,data/images/quantifier/test_1023.png,"['the smaller part', 'many', 'most', 'all', 'the smaller part']"
1038,data/images/quantifier/test_1038.png,"['almost all', 'almost all', 'none', 'most', 'almost all']"
1039,data/images/quantifier/test_1039.png,"['the smaller part', 'most', 'most', 'most', 'all']"
1040,data/images/quantifier/test_1040.png,"['all', 'almost none', 'none', 'all', 'the smaller part']"
1043,data/images/quantifier/test_1043.png,"['some', 'all', 'the smaller part', 'all', 'all']"
1046,data/images/quantifier/test_1046.png,"['most', 'all', 'most', 'none', 'many']"
1047,data/images/quantifier/test_1047.png,"['the smaller part', 'none', 'the smaller part', 'many', 'all']"
1055,data/images/quantifier/test_1055.png,"['almost all', 'most', 'most', 'most', 'all']"
1057,data/images/quantifier/test_1057.png,"['all', 'almost all', 'few', 'almost all', 'almost all']"
1058,data/images/quantifier/test_1058.png,"['almost none', 'almost none', 'almost none', 'the smaller part', 'almost none']"
1065,data/images/quantifier/test_1065.png,"['almost all', 'most', 'the smaller part', 'almost none', 'most']"
1068,data/images/quantifier/test_1068.png,"['almost none', 'none', 'none', 'none', 'all']"
1077,data/images/quantifier/test_1077.png,"['almost none', 'the smaller part', 'almost none', 'most', 'all']"
1080,data/images/quantifier/test_1080.png,"['many', 'all', 'all', 'almost all', 'all']"
1084,data/images/quantifier/test_1084.png,"['none', 'some', 'almost none', 'all', 'many']"
1085,data/images/quantifier/test_1085.png,"['all', 'few', 'some', 'all', 'most']"
1089,data/images/quantifier/test_1089.png,"['the smaller part', 'all', 'the smaller part', 'all', 'almost none']"
1094,data/images/quantifier/test_1094.png,"['all', 'most', 'many', 'the smaller part', 'almost all']"
1096,data/images/quantifier/test_1096.png,"['all', 'most', 'the smaller part', 'almost all', 'all']"
1102,data/images/quantifier/test_1102.png,"['all', 'almost all', 'all', 'all', 'most']"
1103,data/images/quantifier/test_1103.png,"['almost all', 'none', 'most', 'most', 'none']"
1104,data/images/quantifier/test_1104.png,"['all', 'most', 'all', 'few', 'many']"
1105,data/images/quantifier/test_1105.png,"['almost none', 'some', 'most', 'few', 'few']"
1112,data/images/quantifier/test_1112.png,"['all', 'none', 'almost all', 'almost none', 'few']"
1113,data/images/quantifier/test_1113.png,"['all', 'none', 'many', 'many', 'most']"
1114,data/images/quantifier/test_1114.png,"['most', 'the smaller part', 'almost none', 'many', 'all']"
1115,data/images/quantifier/test_1115.png,"['all', 'none', 'almost none', 'the smaller part', 'none']"
1116,data/images/quantifier/test_1116.png,"['the smaller part', 'most', 'the smaller part', 'almost none', 'none']"
1118,data/images/quantifier/test_1118.png,"['most', 'the smaller part', 'most', 'some', 'all']"
1123,data/images/quantifier/test_1123.png,"['almost none', 'few', 'none', 'few', 'most']"
1129,data/images/quantifier/test_1129.png,"['all', 'most', 'many', 'none', 'many']"
1131,data/images/quantifier/test_1131.png,"['all', 'the smaller part', 'all', 'most', 'the smaller part']"
1132,data/images/quantifier/test_1132.png,"['all', 'many', 'most', 'the smaller part', 'all']"
1138,data/images/quantifier/test_1138.png,"['none', 'all', 'few', 'most', 'all']"
1143,data/images/quantifier/test_1143.png,"['most', 'many', 'the smaller part', 'most', 'all']"
1147,data/images/quantifier/test_1147.png,"['almost all', 'the smaller part', 'none', 'none', 'many']"
1150,data/images/quantifier/test_1150.png,"['most', 'almost none', 'many', 'the smaller part', 'many']"
1165,data/images/quantifier/test_1165.png,"['almost all', 'none', 'all', 'almost all', 'the smaller part']"
1166,data/images/quantifier/test_1166.png,"['some', 'most', 'some', 'almost all', 'all']"
1174,data/images/quantifier/test_1174.png,"['almost none', 'none', 'almost none', 'almost none', 'all']"
1184,data/images/quantifier/test_1184.png,"['almost all', 'few', 'almost all', 'most', 'almost none']"
1185,data/images/quantifier/test_1185.png,"['few', 'almost none', 'most', 'most', 'some']"
1191,data/images/quantifier/test_1191.png,"['almost none', 'many', 'some', 'the smaller part', 'almost all']"
1192,data/images/quantifier/test_1192.png,"['most', 'most', 'most', 'all', 'most']"
1204,data/images/quantifier/test_1204.png,"['all', 'almost all', 'the smaller part', 'the smaller part', 'all']"
1208,data/images/quantifier/test_1208.png,"['most', 'many', 'most', 'few', 'almost all']"
1211,data/images/quantifier/test_1211.png,"['all', 'almost none', 'almost all', 'many', 'many']"
1212,data/images/quantifier/test_1212.png,"['almost all', 'most', 'many', 'all', 'the smaller part']"
1221,data/images/quantifier/test_1221.png,"['the smaller part', 'the smaller part', 'some', 'the smaller part', 'almost all']"
1222,data/images/quantifier/test_1222.png,"['almost all', 'most', 'almost all', 'all', 'all']"
1226,data/images/quantifier/test_1226.png,"['most', 'almost all', 'almost all', 'most', 'most']"
1227,data/images/quantifier/test_1227.png,"['all', 'some', 'almost none', 'all', 'all']"
1228,data/images/quantifier/test_1228.png,"['most', 'almost all', 'none', 'almost none', 'the smaller part']"
1235,data/images/quantifier/test_1235.png,"['few', 'almost all', 'almost all', 'most', 'most']"
1237,data/images/quantifier/test_1237.png,"['most', 'almost none', 'none', 'none', 'almost none']"
1247,data/images/quantifier/test_1247.png,"['the smaller part', 'almost all', 'the smaller part', 'almost none', 'almost none']"
1248,data/images/quantifier/test_1248.png,"['almost all', 'most', 'many', 'the smaller part', 'most']"
1253,data/images/quantifier/test_1253.png,"['few', 'none', 'all', 'all', 'the smaller part']"
1254,data/images/quantifier/test_1254.png,"['none', 'the smaller part', 'the smaller part', 'all', 'all']"
1261,data/images/quantifier/test_1261.png,"['many', 'the smaller part', 'many', 'almost all', 'all']"
1268,data/images/quantifier/test_1268.png,"['almost all', 'many', 'almost none', 'most', 'most']"
1270,data/images/quantifier/test_1270.png,"['most', 'almost all', 'the smaller part', 'all', 'all']"
1273,data/images/quantifier/test_1273.png,"['all', 'almost all', 'almost all', 'most', 'many']"
1282,data/images/quantifier/test_1282.png,"['the smaller part', 'some', 'many', 'almost none', 'some']"
1290,data/images/quantifier/test_1290.png,"['all', 'most', 'almost all', 'most', 'almost all']"
1292,data/images/quantifier/test_1292.png,"['almost all', 'most', 'the smaller part', 'some', 'almost all']"
1295,data/images/quantifier/test_1295.png,"['the smaller part', 'almost all', 'almost none', 'all', 'none']"
1300,data/images/quantifier/test_1300.png,"['almost all', 'almost all', 'almost all', 'many', 'none']"
1301,data/images/quantifier/test_1301.png,"['almost all', 'the smaller part', 'almost all', 'the smaller part', 'few']"
1305,data/images/quantifier/test_1305.png,"['many', 'few', 'almost none', 'the smaller part', 'few']"
1316,data/images/quantifier/test_1316.png,"['most', 'many', 'the smaller part', 'all', 'all']"
1320,data/images/quantifier/test_1320.png,"['the smaller part', 'all', 'the smaller part', 'many', 'most']"
1323,data/images/quantifier/test_1323.png,"['the smaller part', 'almost none', 'many', 'some', 'all']"
1325,data/images/quantifier/test_1325.png,"['many', 'many', 'many', 'some', 'almost none']"
1329,data/images/quantifier/test_1329.png,"['the smaller part', 'many', 'many', 'the smaller part', 'all']"
1331,data/images/quantifier/test_1331.png,"['almost none', 'many', 'the smaller part', 'most', 'most']"
1345,data/images/quantifier/test_1345.png,"['all', 'most', 'many', 'few', 'all']"
1350,data/images/quantifier/test_1350.png,"['many', 'many', 'most', 'most', 'almost all']"
1352,data/images/quantifier/test_1352.png,"['many', 'many', 'many', 'many', 'the smaller part']"
1354,data/images/quantifier/test_1354.png,"['almost none', 'almost all', 'almost all', 'many', 'the smaller part']"
1355,data/images/quantifier/test_1355.png,"['many', 'many', 'many', 'almost all', 'some']"
1358,data/images/quantifier/test_1358.png,"['some', 'many', 'many', 'none', 'few']"
1362,data/images/quantifier/test_1362.png,"['many', 'none', 'almost none', 'many', 'most']"
1363,data/images/quantifier/test_1363.png,"['most', 'none', 'almost none', 'the smaller part', 'almost none']"
1367,data/images/quantifier/test_1367.png,"['many', 'many', 'some', 'many', 'many']"
1371,data/images/quantifier/test_1371.png,"['many', 'almost all', 'most', 'many', 'almost none']"
1372,data/images/quantifier/test_1372.png,"['almost none', 'few', 'many', 'many', 'almost all']"
1373,data/images/quantifier/test_1373.png,"['many', 'many', 'many', 'many', 'few']"
1379,data/images/quantifier/test_1379.png,"['some', 'most', 'few', 'the smaller part', 'none']"
1384,data/images/quantifier/test_1384.png,"['none', 'all', 'none', 'many', 'many']"
1391,data/images/quantifier/test_1391.png,"['none', 'almost none', 'few', 'almost all', 'almost none']"
1396,data/images/quantifier/test_1396.png,"['many', 'almost all', 'many', 'all', 'almost all']"
1401,data/images/quantifier/test_1401.png,"['the smaller part', 'many', 'almost none', 'none', 'most']"
1402,data/images/quantifier/test_1402.png,"['few', 'all', 'many', 'all', 'many']"
1404,data/images/quantifier/test_1404.png,"['almost all', 'few', 'many', 'many', 'all']"
1409,data/images/quantifier/test_1409.png,"['many', 'many', 'many', 'all', 'many']"
1411,data/images/quantifier/test_1411.png,"['many', 'many', 'almost all', 'most', 'many']"
1418,data/images/quantifier/test_1418.png,"['the smaller part', 'none', 'many', 'many', 'many']"
1421,data/images/quantifier/test_1421.png,"['many', 'many', 'almost all', 'almost none', 'all']"
1425,data/images/quantifier/test_1425.png,"['some', 'few', 'none', 'almost none', 'almost none']"
1434,data/images/quantifier/test_1434.png,"['most', 'many', 'many', 'most', 'most']"
1436,data/images/quantifier/test_1436.png,"['all', 'many', 'many', 'most', 'many']"
1444,data/images/quantifier/test_1444.png,"['few', 'many', 'few', 'almost none', 'many']"
1450,data/images/quantifier/test_1450.png,"['all', 'many', 'almost all', 'almost none', 'almost none']"
1451,data/images/quantifier/test_1451.png,"['some', 'some', 'most', 'the smaller part', 'many']"
1455,data/images/quantifier/test_1455.png,"['almost all', 'almost all', 'the smaller part', 'some', 'almost all']"
1457,data/images/quantifier/test_1457.png,"['many', 'many', 'many', 'many', 'many']"
1458,data/images/quantifier/test_1458.png,"['none', 'most', 'most', 'almost all', 'some']"
1460,data/images/quantifier/test_1460.png,"['few', 'almost none', 'none', 'many', 'many']"
1469,data/images/quantifier/test_1469.png,"['most', 'some', 'many', 'almost none', 'the smaller part']"
1470,data/images/quantifier/test_1470.png,"['many', 'some', 'many', 'many', 'almost none']"
1480,data/images/quantifier/test_1480.png,"['many', 'many', 'many', 'many', 'many']"
1483,data/images/quantifier/test_1483.png,"['almost none', 'many', 'most', 'many', 'many']"
1486,data/images/quantifier/test_1486.png,"['none', 'all', 'many', 'none', 'all']"
1488,data/images/quantifier/test_1488.png,"['many', 'none', 'some', 'many', 'some']"
1495,data/images/quantifier/test_1495.png,"['most', 'the smaller part', 'all', 'few', 'none']"
1498,data/images/quantifier/test_1498.png,"['some', 'almost none', 'few', 'all', 'the smaller part']"
1499,data/images/quantifier/test_1499.png,"['most', 'few', 'almost all', 'few', 'many']"
1505,data/images/quantifier/test_1505.png,"['many', 'many', 'most', 'many', 'many']"
1509,data/images/quantifier/test_1509.png,"['many', 'all', 'few', 'many', 'many']"
1517,data/images/quantifier/test_1517.png,"['many', 'almost none', 'many', 'most', 'most']"
1519,data/images/quantifier/test_1519.png,"['few', 'some', 'all', 'almost none', 'none']"
1525,data/images/quantifier/test_1525.png,"['many', 'many', 'many', 'most', 'many']"
1529,data/images/quantifier/test_1529.png,"['many', 'many', 'many', 'many', 'most']"
1538,data/images/quantifier/test_1538.png,"['almost all', 'many', 'none', 'most', 'all']"
1542,data/images/quantifier/test_1542.png,"['many', 'few', 'all', 'the smaller part', 'many']"
1546,data/images/quantifier/test_1546.png,"['the smaller part', 'many', 'few', 'none', 'many']"
1552,data/images/quantifier/test_1552.png,"['the smaller part', 'some', 'almost all', 'the smaller part', 'the smaller part']"
1553,data/images/quantifier/test_1553.png,"['most', 'all', 'many', 'all', 'few']"
1556,data/images/quantifier/test_1556.png,"['many', 'most', 'many', 'many', 'the smaller part']"
1561,data/images/quantifier/test_1561.png,"['the smaller part', 'the smaller part', 'the smaller part', 'some', 'almost none']"
1570,data/images/quantifier/test_1570.png,"['some', 'almost none', 'many', 'most', 'many']"
1571,data/images/quantifier/test_1571.png,"['almost all', 'the smaller part', 'many', 'none', 'many']"
1572,data/images/quantifier/test_1572.png,"['few', 'none', 'most', 'many', 'many']"
1573,data/images/quantifier/test_1573.png,"['many', 'some', 'few', 'many', 'most']"
1585,data/images/quantifier/test_1585.png,"['almost none', 'many', 'some', 'most', 'the smaller part']"
1587,data/images/quantifier/test_1587.png,"['many', 'some', 'none', 'the smaller part', 'almost all']"
1588,data/images/quantifier/test_1588.png,"['many', 'many', 'many', 'many', 'many']"
1591,data/images/quantifier/test_1591.png,"['all', 'almost none', 'the smaller part', 'almost none', 'almost none']"
1592,data/images/quantifier/test_1592.png,"['all', 'most', 'many', 'the smaller part', 'few']"
1595,data/images/quantifier/test_1595.png,"['almost none', 'all', 'many', 'most', 'most']"
1599,data/images/quantifier/test_1599.png,"['most', 'many', 'many', 'many', 'none']"
1611,data/images/quantifier/test_1611.png,"['many', 'almost all', 'many', 'many', 'the smaller part']"
1612,data/images/quantifier/test_1612.png,"['none', 'many', 'most', 'many', 'almost none']"
1617,data/images/quantifier/test_1617.png,"['almost all', 'almost none', 'some', 'almost all', 'few']"
1618,data/images/quantifier/test_1618.png,"['many', 'many', 'many', 'almost all', 'all']"
1619,data/images/quantifier/test_1619.png,"['many', 'almost all', 'none', 'many', 'most']"
1629,data/images/quantifier/test_1629.png,"['none', 'many', 'most', 'none', 'none']"
1634,data/images/quantifier/test_1634.png,"['many', 'few', 'many', 'some', 'almost none']"
1640,data/images/quantifier/test_1640.png,"['most', 'none', 'few', 'none', 'all']"
1641,data/images/quantifier/test_1641.png,"['many', 'few', 'almost all', 'many', 'many']"
1651,data/images/quantifier/test_1651.png,"['many', 'many', 'many', 'the smaller part', 'none']"
1652,data/images/quantifier/test_1652.png,"['many', 'the smaller part', 'many', 'some', 'few']"
1663,data/images/quantifier/test_1663.png,"['almost none', 'many', 'many', 'most', 'none']"
1666,data/images/quantifier/test_1666.png,"['many', 'many', 'many', 'many', 'many']"
1668,data/images/quantifier/test_1668.png,"['the smaller part', 'few', 'few', 'the smaller part', 'almost all']"
1669,data/images/quantifier/test_1669.png,"['almost all', 'almost all', 'none', 'most', 'none']"
1673,data/images/quantifier/test_1673.png,"['the smaller part', 'many', 'many', 'almost all', 'almost all']"
1675,data/images/quantifier/test_1675.png,"['some', 'few', 'the smaller part', 'none', 'all']"
1677,data/images/quantifier/test_1677.png,"['many', 'many', 'many', 'most', 'many']"
1683,data/images/quantifier/test_1683.png,"['few', 'almost all', 'most', 'almost all', 'the smaller part']"
1687,data/images/quantifier/test_1687.png,"['almost all', 'many', 'almost none', 'many', 'many']"
1690,data/images/quantifier/test_1690.png,"['many', 'many', 'many', 'many', 'almost none']"
1693,data/images/quantifier/test_1693.png,"['almost all', 'none', 'many', 'all', 'many']"
1695,data/images/quantifier/test_1695.png,"['most', 'some', 'many', 'most', 'many']"
1699,data/images/quantifier/test_1699.png,"['few', 'all', 'many', 'many', 'almost all']"
1703,data/images/quantifier/test_1703.png,"['almost none', 'almost all', 'few', 'few', 'almost none']"
1704,data/images/quantifier/test_1704.png,"['many', 'many', 'many', 'all', 'many']"
1716,data/images/quantifier/test_1716.png,"['the smaller part', 'none', 'most', 'many', 'almost all']"
1720,data/images/quantifier/test_1720.png,"['many', 'many', 'most', 'many', 'most']"
1721,data/images/quantifier/test_1721.png,"['many', 'some', 'many', 'almost none', 'many']"
1724,data/images/quantifier/test_1724.png,"['almost all', 'almost none', 'most', 'almost none', 'all']"
1726,data/images/quantifier/test_1726.png,"['many', 'many', 'many', 'many', 'most']"
1732,data/images/quantifier/test_1732.png,"['most', 'many', 'many', 'many', 'many']"
1736,data/images/quantifier/test_1736.png,"['many', 'many', 'many', 'many', 'most']"
1738,data/images/quantifier/test_1738.png,"['some', 'most', 'some', 'almost none', 'almost none']"
1739,data/images/quantifier/test_1739.png,"['some', 'almost all', 'few', 'most', 'most']"
1740,data/images/quantifier/test_1740.png,"['the smaller part', 'some', 'many', 'some', 'many']"
1741,data/images/quantifier/test_1741.png,"['many', 'many', 'almost none', 'many', 'many']"
1749,data/images/quantifier/test_1749.png,"['almost all', 'the smaller part', 'few', 'almost none', 'some']"
1750,data/images/quantifier/test_1750.png,"['none', 'none', 'the smaller part', 'most', 'none']"
1753,data/images/quantifier/test_1753.png,"['most', 'most', 'most', 'many', 'many']"
1761,data/images/quantifier/test_1761.png,"['most', 'some', 'the smaller part', 'the smaller part', 'almost none']"
1762,data/images/quantifier/test_1762.png,"['the smaller part', 'many', 'many', 'almost all', 'the smaller part']"
1765,data/images/quantifier/test_1765.png,"['many', 'many', 'many', 'many', 'many']"
1768,data/images/quantifier/test_1768.png,"['most', 'most', 'some', 'the smaller part', 'almost all']"
1771,data/images/quantifier/test_1771.png,"['most', 'many', 'many', 'many', 'many']"
1773,data/images/quantifier/test_1773.png,"['many', 'many', 'many', 'many', 'many']"
1777,data/images/quantifier/test_1777.png,"['almost all', 'few', 'few', 'many', 'almost none']"
1793,data/images/quantifier/test_1793.png,"['many', 'most', 'some', 'all', 'most']"
1795,data/images/quantifier/test_1795.png,"['most', 'many', 'most', 'almost none', 'almost all']"
1798,data/images/quantifier/test_1798.png,"['many', 'many', 'many', 'many', 'many']"
1800,data/images/quantifier/test_1800.png,"['all', 'the smaller part', 'all', 'many', 'some']"
1803,data/images/quantifier/test_1803.png,"['almost none', 'most', 'many', 'many', 'many']"
1805,data/images/quantifier/test_1805.png,"['many', 'few', 'many', 'many', 'many']"
1807,data/images/quantifier/test_1807.png,"['many', 'almost all', 'most', 'none', 'many']"
1809,data/images/quantifier/test_1809.png,"['many', 'the smaller part', 'most', 'most', 'many']"
1813,data/images/quantifier/test_1813.png,"['none', 'almost none', 'few', 'few', 'almost all']"
1815,data/images/quantifier/test_1815.png,"['all', 'none', 'none', 'most', 'many']"
1817,data/images/quantifier/test_1817.png,"['almost all', 'almost all', 'most', 'none', 'many']"
1822,data/images/quantifier/test_1822.png,"['the smaller part', 'many', 'almost none', 'many', 'many']"
1824,data/images/quantifier/test_1824.png,"['many', 'the smaller part', 'many', 'many', 'many']"
1829,data/images/quantifier/test_1829.png,"['many', 'many', 'many', 'few', 'all']"
1832,data/images/quantifier/test_1832.png,"['many', 'many', 'many', 'many', 'almost all']"
1839,data/images/quantifier/test_1839.png,"['few', 'many', 'all', 'all', 'all']"
1842,data/images/quantifier/test_1842.png,"['many', 'almost all', 'most', 'almost none', 'few']"
1846,data/images/quantifier/test_1846.png,"['many', 'most', 'the smaller part', 'almost all', 'few']"
1851,data/images/quantifier/test_1851.png,"['some', 'many', 'most', 'none', 'almost none']"
1852,data/images/quantifier/test_1852.png,"['many', 'many', 'most', 'many', 'many']"
1853,data/images/quantifier/test_1853.png,"['most', 'many', 'almost all', 'few', 'none']"
1855,data/images/quantifier/test_1855.png,"['almost all', 'many', 'almost all', 'most', 'all']"
1860,data/images/quantifier/test_1860.png,"['the smaller part', 'almost none', 'many', 'none', 'almost none']"
1861,data/images/quantifier/test_1861.png,"['many', 'the smaller part', 'none', 'many', 'almost none']"
1862,data/images/quantifier/test_1862.png,"['most', 'many', 'all', 'many', 'all']"
1872,data/images/quantifier/test_1872.png,"['few', 'almost all', 'almost none', 'all', 'many']"
1876,data/images/quantifier/test_1876.png,"['many', 'many', 'the smaller part', 'the smaller part', 'the smaller part']"
1879,data/images/quantifier/test_1879.png,"['almost none', 'almost all', 'many', 'none', 'all']"
1882,data/images/quantifier/test_1882.png,"['almost none', 'many', 'all', 'many', 'many']"
1885,data/images/quantifier/test_1885.png,"['some', 'most', 'most', 'the smaller part', 'the smaller part']"
1886,data/images/quantifier/test_1886.png,"['many', 'many', 'few', 'many', 'the smaller part']"
1890,data/images/quantifier/test_1890.png,"['some', 'some', 'none', 'most', 'few']"
1892,data/images/quantifier/test_1892.png,"['many', 'none', 'many', 'many', 'some']"
1900,data/images/quantifier/test_1900.png,"['some', 'many', 'some', 'almost all', 'many']"
1913,data/images/quantifier/test_1913.png,"['most', 'most', 'many', 'some', 'some']"
1919,data/images/quantifier/test_1919.png,"['none', 'many', 'most', 'many', 'many']"
1924,data/images/quantifier/test_1924.png,"['many', 'many', 'many', 'many', 'many']"
1930,data/images/quantifier/test_1930.png,"['many', 'many', 'almost all', 'many', 'many']"
1936,data/images/quantifier/test_1936.png,"['many', 'many', 'many', 'many', 'the smaller part']"
1938,data/images/quantifier/test_1938.png,"['many', 'many', 'none', 'many', 'many']"
1944,data/images/quantifier/test_1944.png,"['many', 'almost none', 'the smaller part', 'few', 'almost none']"
1953,data/images/quantifier/test_1953.png,"['almost all', 'almost all', 'most', 'many', 'most']"
1954,data/images/quantifier/test_1954.png,"['many', 'none', 'some', 'many', 'some']"
1955,data/images/quantifier/test_1955.png,"['some', 'none', 'most', 'some', 'the smaller part']"
1956,data/images/quantifier/test_1956.png,"['almost none', 'some', 'most', 'almost none', 'the smaller part']"
1962,data/images/quantifier/test_1962.png,"['many', 'almost none', 'many', 'many', 'many']"
1968,data/images/quantifier/test_1968.png,"['none', 'many', 'almost all', 'all', 'few']"
1975,data/images/quantifier/test_1975.png,"['many', 'most', 'many', 'none', 'many']"
1977,data/images/quantifier/test_1977.png,"['many', 'almost all', 'some', 'none', 'most']"
1979,data/images/quantifier/test_1979.png,"['many', 'many', 'many', 'almost all', 'many']"
1982,data/images/quantifier/test_1982.png,"['many', 'many', 'many', 'almost all', 'many']"
1994,data/images/quantifier/test_1994.png,"['many', 'almost all', 'most', 'all', 'almost none']"
1997,data/images/quantifier/test_1997.png,"['many', 'many', 'all', 'many', 'many']"
2001,data/images/quantifier/test_2001.png,"['many', 'many', 'many', 'many', 'few']"
2006,data/images/quantifier/test_2006.png,"['the smaller part', 'the smaller part', 'none', 'many', 'some']"
2011,data/images/quantifier/test_2011.png,"['some', 'all', 'most', 'all', 'most']"
2012,data/images/quantifier/test_2012.png,"['none', 'the smaller part', 'many', 'many', 'most']"
2019,data/images/quantifier/test_2019.png,"['some', 'many', 'none', 'the smaller part', 'the smaller part']"
2023,data/images/quantifier/test_2023.png,"['almost none', 'almost all', 'few', 'the smaller part', 'none']"
2024,data/images/quantifier/test_2024.png,"['many', 'many', 'many', 'many', 'many']"
2026,data/images/quantifier/test_2026.png,"['some', 'none', 'the smaller part', 'none', 'most']"
2027,data/images/quantifier/test_2027.png,"['most', 'some', 'most', 'many', 'many']"
2028,data/images/quantifier/test_2028.png,"['none', 'many', 'many', 'few', 'many']"
2029,data/images/quantifier/test_2029.png,"['none', 'almost all', 'most', 'none', 'all']"
2033,data/images/quantifier/test_2033.png,"['all', 'most', 'most', 'many', 'all']"
2036,data/images/quantifier/test_2036.png,"['many', 'most', 'many', 'most', 'almost none']"
2038,data/images/quantifier/test_2038.png,"['many', 'many', 'the smaller part', 'many', 'many']"
2047,data/images/quantifier/test_2047.png,"['all', 'the smaller part', 'none', 'most', 'most']"
2050,data/images/quantifier/test_2050.png,"['some', 'many', 'few', 'many', 'many']"
2053,data/images/quantifier/test_2053.png,"['many', 'few', 'almost none', 'all', 'all']"
2057,data/images/quantifier/test_2057.png,"['most', 'many', 'most', 'many', 'most']"
2060,data/images/quantifier/test_2060.png,"['the smaller part', 'the smaller part', 'almost none', 'almost none', 'many']"
2064,data/images/quantifier/test_2064.png,"['many', 'few', 'most', 'all', 'few']"
2066,data/images/quantifier/test_2066.png,"['many', 'many', 'many', 'many', 'many']"
2067,data/images/quantifier/test_2067.png,"['many', 'some', 'most', 'some', 'the smaller part']"
2069,data/images/quantifier/test_2069.png,"['many', 'few', 'none', 'many', 'many']"
2070,data/images/quantifier/test_2070.png,"['many', 'many', 'many', 'almost none', 'almost all']"
2071,data/images/quantifier/test_2071.png,"['many', 'many', 'many', 'some', 'many']"
2086,data/images/quantifier/test_2086.png,"['almost all', 'some', 'almost none', 'all', 'most']"
2090,data/images/quantifier/test_2090.png,"['many', 'none', 'few', 'almost none', 'many']"
2095,data/images/quantifier/test_2095.png,"['many', 'none', 'the smaller part', 'all', 'most']"
2099,data/images/quantifier/test_2099.png,"['none', 'the smaller part', 'none', 'the smaller part', 'none']"
2113,data/images/quantifier/test_2113.png,"['many', 'many', 'many', 'almost none', 'almost all']"
2115,data/images/quantifier/test_2115.png,"['many', 'many', 'many', 'many', 'some']"
2123,data/images/quantifier/test_2123.png,"['most', 'almost none', 'few', 'almost none', 'the smaller part']"
2142,data/images/quantifier/test_2142.png,"['few', 'none', 'the smaller part', 'most', 'many']"
2146,data/images/quantifier/test_2146.png,"['many', 'all', 'many', 'few', 'many']"
2147,data/images/quantifier/test_2147.png,"['all', 'many', 'almost all', 'none', 'many']"
2150,data/images/quantifier/test_2150.png,"['most', 'many', 'almost none', 'none', 'some']"
2152,data/images/quantifier/test_2152.png,"['most', 'almost all', 'all', 'many', 'all']"
2153,data/images/quantifier/test_2153.png,"['many', 'many', 'most', 'many', 'many']"
2160,data/images/quantifier/test_2160.png,"['many', 'many', 'many', 'many', 'many']"
2163,data/images/quantifier/test_2163.png,"['many', 'most', 'many', 'some', 'many']"
2164,data/images/quantifier/test_2164.png,"['some', 'many', 'many', 'most', 'many']"
2166,data/images/quantifier/test_2166.png,"['most', 'many', 'most', 'many', 'most']"
2172,data/images/quantifier/test_2172.png,"['many', 'all', 'all', 'almost all', 'most']"
2174,data/images/quantifier/test_2174.png,"['many', 'many', 'many', 'many', 'many']"
2184,data/images/quantifier/test_2184.png,"['most', 'none', 'none', 'all', 'most']"
2185,data/images/quantifier/test_2185.png,"['almost all', 'most', 'many', 'few', 'the smaller part']"
2190,data/images/quantifier/test_2190.png,"['few', 'many', 'some', 'none', 'almost none']"
2195,data/images/quantifier/test_2195.png,"['none', 'many', 'many', 'many', 'the smaller part']"
2196,data/images/quantifier/test_2196.png,"['many', 'some', 'none', 'few', 'all']"
2199,data/images/quantifier/test_2199.png,"['many', 'many', 'many', 'many', 'almost none']"
2200,data/images/quantifier/test_2200.png,"['none', 'all', 'some', 'most', 'almost all']"
2202,data/images/quantifier/test_2202.png,"['few', 'almost none', 'almost all', 'many', 'most']"
2209,data/images/quantifier/test_2209.png,"['most', 'almost all', 'few', 'all', 'some']"
2210,data/images/quantifier/test_2210.png,"['many', 'the smaller part', 'almost none', 'many', 'many']"
2213,data/images/quantifier/test_2213.png,"['the smaller part', 'the smaller part', 'many', 'many', 'many']"
2220,data/images/quantifier/test_2220.png,"['many', 'many', 'some', 'many', 'almost all']"
2226,data/images/quantifier/test_2226.png,"['the smaller part', 'almost none', 'most', 'most', 'the smaller part']"
2227,data/images/quantifier/test_2227.png,"['almost none', 'most', 'almost all', 'almost all', 'many']"
2228,data/images/quantifier/test_2228.png,"['all', 'many', 'the smaller part', 'some', 'none']"
2230,data/images/quantifier/test_2230.png,"['many', 'many', 'many', 'many', 'many']"
2232,data/images/quantifier/test_2232.png,"['all', 'many', 'most', 'many', 'many']"
2238,data/images/quantifier/test_2238.png,"['many', 'almost all', 'many', 'none', 'all']"
2248,data/images/quantifier/test_2248.png,"['none', 'many', 'many', 'most', 'many']"
2253,data/images/quantifier/test_2253.png,"['all', 'many', 'almost none', 'almost all', 'many']"
2258,data/images/quantifier/test_2258.png,"['many', 'most', 'some', 'many', 'almost all']"
2264,data/images/quantifier/test_2264.png,"['almost all', 'many', 'the smaller part', 'most', 'many']"
2265,data/images/quantifier/test_2265.png,"['most', 'the smaller part', 'the smaller part', 'almost all', 'the smaller part']"
2268,data/images/quantifier/test_2268.png,"['almost all', 'all', 'many', 'all', 'some']"
2278,data/images/quantifier/test_2278.png,"['all', 'many', 'almost all', 'almost none', 'most']"
2283,data/images/quantifier/test_2283.png,"['many', 'many', 'most', 'many', 'some']"
2288,data/images/quantifier/test_2288.png,"['many', 'many', 'the smaller part', 'many', 'many']"
2290,data/images/quantifier/test_2290.png,"['almost none', 'most', 'some', 'many', 'many']"
2294,data/images/quantifier/test_2294.png,"['most', 'none', 'some', 'almost all', 'none']"
2302,data/images/quantifier/test_2302.png,"['many', 'none', 'many', 'almost none', 'most']"
2315,data/images/quantifier/test_2315.png,"['many', 'many', 'many', 'many', 'many']"
2320,data/images/quantifier/test_2320.png,"['most', 'many', 'most', 'all', 'all']"
2321,data/images/quantifier/test_2321.png,"['many', 'some', 'many', 'many', 'most']"
2327,data/images/quantifier/test_2327.png,"['some', 'almost all', 'most', 'almost none', 'all']"
2334,data/images/quantifier/test_2334.png,"['none', 'many', 'the smaller part', 'almost all', 'none']"
2341,data/images/quantifier/test_2341.png,"['the smaller part', 'many', 'the smaller part', 'many', 'some']"
2343,data/images/quantifier/test_2343.png,"['all', 'many', 'all', 'many', 'all']"
2344,data/images/quantifier/test_2344.png,"['none', 'almost all', 'many', 'few', 'most']"
2346,data/images/quantifier/test_2346.png,"['almost none', 'none', 'most', 'many', 'many']"
2350,data/images/quantifier/test_2350.png,"['the smaller part', 'many', 'many', 'many', 'many']"
2351,data/images/quantifier/test_2351.png,"['the smaller part', 'almost none', 'most', 'none', 'some']"
2352,data/images/quantifier/test_2352.png,"['almost none', 'almost all', 'many', 'many', 'most']"
2355,data/images/quantifier/test_2355.png,"['almost all', 'many', 'many', 'almost all', 'many']"
2362,data/images/quantifier/test_2362.png,"['few', 'most', 'many', 'almost none', 'some']"
2363,data/images/quantifier/test_2363.png,"['some', 'many', 'most', 'many', 'the smaller part']"
2368,data/images/quantifier/test_2368.png,"['many', 'many', 'many', 'many', 'many']"
2369,data/images/quantifier/test_2369.png,"['most', 'few', 'all', 'some', 'almost all']"
2375,data/images/quantifier/test_2375.png,"['most', 'the smaller part', 'none', 'most', 'almost none']"
2376,data/images/quantifier/test_2376.png,"['many', 'many', 'none', 'many', 'many']"
2380,data/images/quantifier/test_2380.png,"['many', 'many', 'most', 'many', 'many']"
2384,data/images/quantifier/test_2384.png,"['many', 'many', 'many', 'none', 'many']"
2386,data/images/quantifier/test_2386.png,"['many', 'many', 'many', 'many', 'most']"
2388,data/images/quantifier/test_2388.png,"['the smaller part', 'some', 'the smaller part', 'most', 'many']"
2392,data/images/quantifier/test_2392.png,"['almost all', 'the smaller part', 'many', 'many', 'many']"
2394,data/images/quantifier/test_2394.png,"['few', 'many', 'many', 'almost all', 'none']"
2396,data/images/quantifier/test_2396.png,"['some', 'none', 'many', 'many', 'most']"
2411,data/images/quantifier/test_2411.png,"['many', 'many', 'many', 'many', 'many']"
2418,data/images/quantifier/test_2418.png,"['the smaller part', 'the smaller part', 'most', 'most', 'few']"
2422,data/images/quantifier/test_2422.png,"['some', 'few', 'many', 'some', 'almost none']"
2427,data/images/quantifier/test_2427.png,"['many', 'some', 'all', 'most', 'none']"
2430,data/images/quantifier/test_2430.png,"['many', 'many', 'many', 'many', 'many']"
2434,data/images/quantifier/test_2434.png,"['most', 'the smaller part', 'almost none', 'none', 'the smaller part']"
2437,data/images/quantifier/test_2437.png,"['all', 'most', 'all', 'the smaller part', 'many']"
2441,data/images/quantifier/test_2441.png,"['almost all', 'all', 'many', 'most', 'some']"
2442,data/images/quantifier/test_2442.png,"['the smaller part', 'many', 'almost none', 'most', 'none']"
2449,data/images/quantifier/test_2449.png,"['some', 'most', 'almost all', 'many', 'few']"
2452,data/images/quantifier/test_2452.png,"['almost none', 'almost none', 'many', 'many', 'few']"
2453,data/images/quantifier/test_2453.png,"['few', 'few', 'many', 'almost none', 'many']"
2459,data/images/quantifier/test_2459.png,"['almost all', 'most', 'many', 'almost all', 'many']"
2460,data/images/quantifier/test_2460.png,"['none', 'none', 'some', 'almost all', 'few']"
2464,data/images/quantifier/test_2464.png,"['the smaller part', 'some', 'most', 'many', 'many']"
2472,data/images/quantifier/test_2472.png,"['the smaller part', 'the smaller part', 'some', 'many', 'many']"
2476,data/images/quantifier/test_2476.png,"['some', 'almost all', 'the smaller part', 'all', 'most']"
2479,data/images/quantifier/test_2479.png,"['most', 'many', 'many', 'almost all', 'most']"
2484,data/images/quantifier/test_2484.png,"['most', 'many', 'almost none', 'some', 'the smaller part']"
2489,data/images/quantifier/test_2489.png,"['none', 'most', 'almost all', 'the smaller part', 'many']"
2495,data/images/quantifier/test_2495.png,"['most', 'many', 'the smaller part', 'many', 'all']"
2499,data/images/quantifier/test_2499.png,"['few', 'the smaller part', 'few', 'many', 'all']"
2504,data/images/quantifier/test_2504.png,"['few', 'almost none', 'almost none', 'none', 'almost none']"
2515,data/images/quantifier/test_2515.png,"['almost none', 'few', 'almost none', 'some', 'most']"
2518,data/images/quantifier/test_2518.png,"['many', 'many', 'almost none', 'almost none', 'none']"
2519,data/images/quantifier/test_2519.png,"['the smaller part', 'many', 'almost none', 'many', 'most']"
2520,data/images/quantifier/test_2520.png,"['many', 'the smaller part', 'almost all', 'none', 'all']"
2532,data/images/quantifier/test_2532.png,"['few', 'many', 'the smaller part', 'many', 'all']"
2533,data/images/quantifier/test_2533.png,"['none', 'many', 'all', 'many', 'few']"
2537,data/images/quantifier/test_2537.png,"['many', 'many', 'many', 'none', 'none']"
2543,data/images/quantifier/test_2543.png,"['most', 'many', 'few', 'many', 'many']"
2545,data/images/quantifier/test_2545.png,"['many', 'almost all', 'none', 'none', 'many']"
2548,data/images/quantifier/test_2548.png,"['many', 'most', 'none', 'many', 'almost all']"
2551,data/images/quantifier/test_2551.png,"['most', 'all', 'some', 'many', 'many']"
2559,data/images/quantifier/test_2559.png,"['none', 'few', 'none', 'most', 'none']"
2560,data/images/quantifier/test_2560.png,"['many', 'all', 'few', 'almost none', 'none']"
2563,data/images/quantifier/test_2563.png,"['the smaller part', 'the smaller part', 'many', 'some', 'all']"
2564,data/images/quantifier/test_2564.png,"['none', 'some', 'all', 'none', 'all']"
2568,data/images/quantifier/test_2568.png,"['all', 'most', 'all', 'many', 'almost none']"
2569,data/images/quantifier/test_2569.png,"['almost none', 'few', 'few', 'none', 'none']"
2572,data/images/quantifier/test_2572.png,"['few', 'none', 'many', 'many', 'many']"
2578,data/images/quantifier/test_2578.png,"['many', 'almost all', 'all', 'the smaller part', 'many']"
2581,data/images/quantifier/test_2581.png,"['almost all', 'most', 'many', 'almost none', 'many']"
2582,data/images/quantifier/test_2582.png,"['many', 'none', 'the smaller part', 'almost none', 'many']"
2583,data/images/quantifier/test_2583.png,"['most', 'many', 'all', 'almost all', 'the smaller part']"
2585,data/images/quantifier/test_2585.png,"['almost all', 'almost all', 'many', 'most', 'few']"
2590,data/images/quantifier/test_2590.png,"['many', 'all', 'few', 'almost all', 'the smaller part']"
2591,data/images/quantifier/test_2591.png,"['many', 'all', 'few', 'most', 'many']"
2595,data/images/quantifier/test_2595.png,"['some', 'some', 'all', 'the smaller part', 'all']"
2598,data/images/quantifier/test_2598.png,"['many', 'most', 'most', 'few', 'many']"
2611,data/images/quantifier/test_2611.png,"['some', 'many', 'many', 'many', 'almost all']"
2616,data/images/quantifier/test_2616.png,"['most', 'many', 'none', 'none', 'many']"
2619,data/images/quantifier/test_2619.png,"['almost none', 'few', 'many', 'the smaller part', 'many']"
2623,data/images/quantifier/test_2623.png,"['many', 'some', 'many', 'many', 'all']"
2627,data/images/quantifier/test_2627.png,"['many', 'many', 'the smaller part', 'many', 'many']"
2632,data/images/quantifier/test_2632.png,"['all', 'all', 'none', 'many', 'few']"
2633,data/images/quantifier/test_2633.png,"['most', 'few', 'almost all', 'some', 'some']"
2635,data/images/quantifier/test_2635.png,"['the smaller part', 'many', 'most', 'the smaller part', 'the smaller part']"
2637,data/images/quantifier/test_2637.png,"['all', 'most', 'none', 'all', 'all']"
2639,data/images/quantifier/test_2639.png,"['some', 'the smaller part', 'almost none', 'most', 'the smaller part']"
2641,data/images/quantifier/test_2641.png,"['many', 'most', 'many', 'many', 'many']"
2643,data/images/quantifier/test_2643.png,"['many', 'many', 'many', 'many', 'many']"
2646,data/images/quantifier/test_2646.png,"['all', 'many', 'many', 'many', 'few']"
2647,data/images/quantifier/test_2647.png,"['none', 'none', 'all', 'none', 'most']"
2655,data/images/quantifier/test_2655.png,"['few', 'the smaller part', 'none', 'the smaller part', 'all']"
2656,data/images/quantifier/test_2656.png,"['all', 'none', 'all', 'most', 'the smaller part']"
2657,data/images/quantifier/test_2657.png,"['almost none', 'almost all', 'some', 'almost none', 'most']"
2660,data/images/quantifier/test_2660.png,"['most', 'many', 'many', 'many', 'most']"
2661,data/images/quantifier/test_2661.png,"['the smaller part', 'few', 'some', 'all', 'many']"
2662,data/images/quantifier/test_2662.png,"['few', 'none', 'few', 'almost none', 'many']"
2663,data/images/quantifier/test_2663.png,"['many', 'almost all', 'many', 'many', 'most']"
2664,data/images/quantifier/test_2664.png,"['all', 'some', 'the smaller part', 'almost all', 'most']"
2669,data/images/quantifier/test_2669.png,"['all', 'some', 'almost all', 'none', 'many']"
2678,data/images/quantifier/test_2678.png,"['few', 'all', 'none', 'almost all', 'almost all']"
2691,data/images/quantifier/test_2691.png,"['few', 'most', 'none', 'the smaller part', 'most']"
2706,data/images/quantifier/test_2706.png,"['most', 'most', 'some', 'none', 'many']"
2712,data/images/quantifier/test_2712.png,"['all', 'almost none', 'all', 'almost none', 'the smaller part']"
2715,data/images/quantifier/test_2715.png,"['many', 'many', 'almost all', 'many', 'some']"
2729,data/images/quantifier/test_2729.png,"['many', 'many', 'many', 'all', 'many']"
2731,data/images/quantifier/test_2731.png,"['some', 'few', 'almost none', 'most', 'all']"
2732,data/images/quantifier/test_2732.png,"['all', 'none', 'most', 'most', 'all']"
2733,data/images/quantifier/test_2733.png,"['few', 'many', 'most', 'some', 'all']"
2734,data/images/quantifier/test_2734.png,"['the smaller part', 'almost none', 'many', 'most', 'few']"
2739,data/images/quantifier/test_2739.png,"['many', 'most', 'almost all', 'most', 'almost all']"
2742,data/images/quantifier/test_2742.png,"['almost all', 'none', 'the smaller part', 'some', 'many']"
2743,data/images/quantifier/test_2743.png,"['almost all', 'many', 'all', 'many', 'some']"
2754,data/images/quantifier/test_2754.png,"['many', 'many', 'none', 'many', 'many']"
2759,data/images/quantifier/test_2759.png,"['few', 'some', 'almost all', 'none', 'most']"
2764,data/images/quantifier/test_2764.png,"['all', 'many', 'many', 'many', 'most']"
2767,data/images/quantifier/test_2767.png,"['many', 'many', 'many', 'almost all', 'many']"
2768,data/images/quantifier/test_2768.png,"['many', 'some', 'none', 'few', 'all']"
2771,data/images/quantifier/test_2771.png,"['many', 'many', 'all', 'all', 'most']"
2784,data/images/quantifier/test_2784.png,"['many', 'many', 'many', 'many', 'many']"
2785,data/images/quantifier/test_2785.png,"['almost all', 'most', 'almost all', 'none', 'none']"
2786,data/images/quantifier/test_2786.png,"['all', 'some', 'none', 'most', 'few']"
2789,data/images/quantifier/test_2789.png,"['many', 'many', 'many', 'some', 'many']"
2790,data/images/quantifier/test_2790.png,"['almost none', 'few', 'almost all', 'few', 'few']"
2791,data/images/quantifier/test_2791.png,"['the smaller part', 'none', 'most', 'almost none', 'the smaller part']"
2794,data/images/quantifier/test_2794.png,"['most', 'many', 'none', 'many', 'all']"
2795,data/images/quantifier/test_2795.png,"['almost none', 'most', 'none', 'most', 'the smaller part']"
2802,data/images/quantifier/test_2802.png,"['many', 'many', 'many', 'many', 'most']"
2804,data/images/quantifier/test_2804.png,"['the smaller part', 'almost none', 'some', 'most', 'many']"
2806,data/images/quantifier/test_2806.png,"['few', 'many', 'many', 'many', 'the smaller part']"
2812,data/images/quantifier/test_2812.png,"['many', 'some', 'many', 'many', 'many']"
2815,data/images/quantifier/test_2815.png,"['many', 'almost all', 'most', 'none', 'many']"
2824,data/images/quantifier/test_2824.png,"['all', 'some', 'many', 'most', 'many']"
2829,data/images/quantifier/test_2829.png,"['the smaller part', 'almost none', 'none', 'many', 'many']"
2830,data/images/quantifier/test_2830.png,"['many', 'many', 'many', 'few', 'many']"
2832,data/images/quantifier/test_2832.png,"['few', 'many', 'few', 'few', 'the smaller part']"
2833,data/images/quantifier/test_2833.png,"['most', 'the smaller part', 'all', 'many', 'all']"
2834,data/images/quantifier/test_2834.png,"['most', 'the smaller part', 'many', 'all', 'none']"
2837,data/images/quantifier/test_2837.png,"['some', 'almost all', 'almost none', 'the smaller part', 'almost all']"
2842,data/images/quantifier/test_2842.png,"['many', 'almost none', 'some', 'many', 'few']"
2843,data/images/quantifier/test_2843.png,"['many', 'few', 'many', 'none', 'almost all']"
2847,data/images/quantifier/test_2847.png,"['many', 'many', 'many', 'most', 'many']"
2859,data/images/quantifier/test_2859.png,"['many', 'many', 'all', 'few', 'many']"
2860,data/images/quantifier/test_2860.png,"['none', 'most', 'some', 'many', 'none']"
2864,data/images/quantifier/test_2864.png,"['most', 'most', 'all', 'many', 'few']"
2871,data/images/quantifier/test_2871.png,"['the smaller part', 'most', 'almost all', 'almost all', 'none']"
2874,data/images/quantifier/test_2874.png,"['all', 'few', 'few', 'the smaller part', 'the smaller part']"
2878,data/images/quantifier/test_2878.png,"['few', 'most', 'most', 'almost all', 'almost all']"
2879,data/images/quantifier/test_2879.png,"['many', 'many', 'most', 'almost none', 'many']"
2884,data/images/quantifier/test_2884.png,"['some', 'the smaller part', 'few', 'almost all', 'some']"
2891,data/images/quantifier/test_2891.png,"['none', 'some', 'none', 'many', 'almost none']"
2898,data/images/quantifier/test_2898.png,"['all', 'many', 'the smaller part', 'almost all', 'most']"
2903,data/images/quantifier/test_2903.png,"['many', 'many', 'many', 'many', 'the smaller part']"
2908,data/images/quantifier/test_2908.png,"['many', 'all', 'many', 'most', 'few']"
2914,data/images/quantifier/test_2914.png,"['the smaller part', 'none', 'many', 'the smaller part', 'most']"
2919,data/images/quantifier/test_2919.png,"['almost all', 'most', 'some', 'almost none', 'few']"
2924,data/images/quantifier/test_2924.png,"['most', 'almost all', 'few', 'most', 'all']"
2925,data/images/quantifier/test_2925.png,"['almost none', 'all', 'many', 'many', 'many']"
2928,data/images/quantifier/test_2928.png,"['all', 'few', 'all', 'almost all', 'the smaller part']"
2929,data/images/quantifier/test_2929.png,"['all', 'most', 'many', 'many', 'many']"
2930,data/images/quantifier/test_2930.png,"['almost none', 'many', 'almost all', 'most', 'almost none']"
2932,data/images/quantifier/test_2932.png,"['many', 'few', 'the smaller part', 'most', 'most']"
2933,data/images/quantifier/test_2933.png,"['many', 'the smaller part', 'many', 'almost all', 'none']"
2940,data/images/quantifier/test_2940.png,"['none', 'many', 'many', 'many', 'all']"
2943,data/images/quantifier/test_2943.png,"['almost none', 'many', 'all', 'almost all', 'most']"
2944,data/images/quantifier/test_2944.png,"['almost all', 'many', 'almost all', 'many', 'many']"
2947,data/images/quantifier/test_2947.png,"['many', 'almost all', 'few', 'almost none', 'many']"
2952,data/images/quantifier/test_2952.png,"['many', 'many', 'almost none', 'many', 'many']"
2953,data/images/quantifier/test_2953.png,"['many', 'many', 'many', 'many', 'many']"
2962,data/images/quantifier/test_2962.png,"['the smaller part', 'many', 'the smaller part', 'the smaller part', 'many']"
2969,data/images/quantifier/test_2969.png,"['all', 'most', 'many', 'many', 'many']"
2970,data/images/quantifier/test_2970.png,"['some', 'the smaller part', 'most', 'almost all', 'the smaller part']"
2972,data/images/quantifier/test_2972.png,"['many', 'almost none', 'all', 'most', 'almost none']"
2986,data/images/quantifier/test_2986.png,"['some', 'some', 'all', 'some', 'some']"
2987,data/images/quantifier/test_2987.png,"['almost all', 'almost none', 'all', 'many', 'many']"
2992,data/images/quantifier/test_2992.png,"['all', 'all', 'almost all', 'many', 'many']"
2999,data/images/quantifier/test_2999.png,"['many', 'none', 'many', 'almost none', 'most']"
3000,data/images/quantifier/test_3000.png,"['almost all', 'all', 'none', 'most', 'all']"
3003,data/images/quantifier/test_3003.png,"['none', 'many', 'most', 'almost all', 'many']"
3006,data/images/quantifier/test_3006.png,"['most', 'almost all', 'few', 'the smaller part', 'some']"
3009,data/images/quantifier/test_3009.png,"['almost all', 'almost none', 'most', 'many', 'many']"
3010,data/images/quantifier/test_3010.png,"['the smaller part', 'none', 'few', 'none', 'almost all']"
3011,data/images/quantifier/test_3011.png,"['some', 'all', 'few', 'the smaller part', 'almost none']"
3012,data/images/quantifier/test_3012.png,"['all', 'almost none', 'almost none', 'almost none', 'almost none']"
3023,data/images/quantifier/test_3023.png,"['all', 'many', 'most', 'most', 'most']"
3025,data/images/quantifier/test_3025.png,"['many', 'the smaller part', 'many', 'the smaller part', 'none']"
3031,data/images/quantifier/test_3031.png,"['almost all', 'many', 'many', 'all', 'many']"
3035,data/images/quantifier/test_3035.png,"['some', 'almost none', 'few', 'most', 'many']"
3038,data/images/quantifier/test_3038.png,"['many', 'almost all', 'almost all', 'many', 'all']"
3040,data/images/quantifier/test_3040.png,"['many', 'few', 'few', 'almost all', 'the smaller part']"
3041,data/images/quantifier/test_3041.png,"['many', 'many', 'almost all', 'almost none', 'almost none']"
3047,data/images/quantifier/test_3047.png,"['almost all', 'most', 'almost all', 'many', 'none']"
3049,data/images/quantifier/test_3049.png,"['all', 'most', 'few', 'the smaller part', 'many']"
3051,data/images/quantifier/test_3051.png,"['the smaller part', 'all', 'some', 'some', 'many']"
3057,data/images/quantifier/test_3057.png,"['most', 'many', 'almost all', 'almost none', 'almost none']"
3058,data/images/quantifier/test_3058.png,"['almost none', 'all', 'none', 'most', 'almost none']"
3063,data/images/quantifier/test_3063.png,"['all', 'almost none', 'almost all', 'almost none', 'many']"
3066,data/images/quantifier/test_3066.png,"['most', 'the smaller part', 'few', 'almost all', 'none']"
3069,data/images/quantifier/test_3069.png,"['almost none', 'none', 'many', 'almost none', 'most']"
3074,data/images/quantifier/test_3074.png,"['most', 'many', 'almost all', 'many', 'all']"
3076,data/images/quantifier/test_3076.png,"['many', 'the smaller part', 'few', 'few', 'the smaller part']"
3079,data/images/quantifier/test_3079.png,"['almost none', 'few', 'many', 'many', 'all']"
3087,data/images/quantifier/test_3087.png,"['all', 'the smaller part', 'many', 'almost none', 'many']"
3089,data/images/quantifier/test_3089.png,"['many', 'some', 'almost none', 'many', 'all']"
3097,data/images/quantifier/test_3097.png,"['many', 'the smaller part', 'many', 'many', 'many']"
3098,data/images/quantifier/test_3098.png,"['many', 'none', 'many', 'many', 'most']"
3108,data/images/quantifier/test_3108.png,"['most', 'almost none', 'many', 'almost none', 'some']"
3112,data/images/quantifier/test_3112.png,"['many', 'some', 'almost all', 'few', 'almost all']"
3113,data/images/quantifier/test_3113.png,"['most', 'many', 'almost none', 'none', 'many']"
3116,data/images/quantifier/test_3116.png,"['some', 'almost none', 'none', 'almost all', 'none']"
3120,data/images/quantifier/test_3120.png,"['almost none', 'the smaller part', 'all', 'all', 'almost none']"
3122,data/images/quantifier/test_3122.png,"['the smaller part', 'few', 'many', 'some', 'many']"
3123,data/images/quantifier/test_3123.png,"['most', 'most', 'most', 'all', 'none']"
3124,data/images/quantifier/test_3124.png,"['all', 'the smaller part', 'many', 'almost none', 'none']"
3126,data/images/quantifier/test_3126.png,"['the smaller part', 'many', 'many', 'many', 'many']"
3133,data/images/quantifier/test_3133.png,"['the smaller part', 'many', 'the smaller part', 'almost all', 'almost all']"
3134,data/images/quantifier/test_3134.png,"['many', 'all', 'many', 'some', 'almost none']"
3145,data/images/quantifier/test_3145.png,"['few', 'many', 'many', 'none', 'all']"
3154,data/images/quantifier/test_3154.png,"['few', 'many', 'many', 'almost all', 'most']"
3158,data/images/quantifier/test_3158.png,"['few', 'none', 'some', 'most', 'almost none']"
3159,data/images/quantifier/test_3159.png,"['many', 'many', 'many', 'many', 'many']"
3165,data/images/quantifier/test_3165.png,"['many', 'most', 'many', 'some', 'many']"
3166,data/images/quantifier/test_3166.png,"['many', 'most', 'most', 'most', 'almost none']"
3169,data/images/quantifier/test_3169.png,"['many', 'almost none', 'none', 'the smaller part', 'all']"
3183,data/images/quantifier/test_3183.png,"['almost none', 'some', 'some', 'almost all', 'many']"
3185,data/images/quantifier/test_3185.png,"['the smaller part', 'few', 'many', 'most', 'almost all']"
3194,data/images/quantifier/test_3194.png,"['few', 'many', 'many', 'many', 'many']"
3203,data/images/quantifier/test_3203.png,"['all', 'most', 'many', 'many', 'many']"
3205,data/images/quantifier/test_3205.png,"['many', 'all', 'many', 'almost none', 'almost all']"
3207,data/images/quantifier/test_3207.png,"['most', 'none', 'the smaller part', 'many', 'all']"
3216,data/images/quantifier/test_3216.png,"['the smaller part', 'most', 'some', 'the smaller part', 'most']"
3219,data/images/quantifier/test_3219.png,"['many', 'the smaller part', 'the smaller part', 'almost none', 'the smaller part']"
3225,data/images/quantifier/test_3225.png,"['almost none', 'few', 'few', 'none', 'many']"
3226,data/images/quantifier/test_3226.png,"['many', 'all', 'few', 'some', 'many']"
3227,data/images/quantifier/test_3227.png,"['many', 'few', 'most', 'almost all', 'none']"
3229,data/images/quantifier/test_3229.png,"['many', 'most', 'many', 'some', 'few']"
3232,data/images/quantifier/test_3232.png,"['few', 'few', 'none', 'the smaller part', 'almost none']"
3234,data/images/quantifier/test_3234.png,"['many', 'many', 'the smaller part', 'many', 'almost all']"
3237,data/images/quantifier/test_3237.png,"['all', 'few', 'the smaller part', 'many', 'most']"
3244,data/images/quantifier/test_3244.png,"['some', 'the smaller part', 'almost all', 'most', 'all']"
3250,data/images/quantifier/test_3250.png,"['many', 'most', 'the smaller part', 'the smaller part', 'few']"
3254,data/images/quantifier/test_3254.png,"['most', 'all', 'most', 'most', 'the smaller part']"
3255,data/images/quantifier/test_3255.png,"['few', 'some', 'none', 'few', 'none']"
3258,data/images/quantifier/test_3258.png,"['almost all', 'many', 'some', 'many', 'all']"
3259,data/images/quantifier/test_3259.png,"['many', 'few', 'the smaller part', 'many', 'many']"
3263,data/images/quantifier/test_3263.png,"['many', 'many', 'none', 'few', 'most']"
3266,data/images/quantifier/test_3266.png,"['most', 'few', 'almost all', 'almost all', 'none']"
3268,data/images/quantifier/test_3268.png,"['many', 'the smaller part', 'none', 'many', 'the smaller part']"
3270,data/images/quantifier/test_3270.png,"['many', 'almost all', 'all', 'many', 'many']"
3273,data/images/quantifier/test_3273.png,"['the smaller part', 'almost all', 'none', 'some', 'some']"
3280,data/images/quantifier/test_3280.png,"['many', 'almost all', 'none', 'some', 'almost none']"
3293,data/images/quantifier/test_3293.png,"['few', 'most', 'many', 'all', 'most']"
3302,data/images/quantifier/test_3302.png,"['many', 'many', 'some', 'none', 'many']"
3305,data/images/quantifier/test_3305.png,"['many', 'most', 'most', 'all', 'many']"
3307,data/images/quantifier/test_3307.png,"['many', 'the smaller part', 'many', 'many', 'many']"
3313,data/images/quantifier/test_3313.png,"['many', 'almost all', 'many', 'many', 'many']"
3314,data/images/quantifier/test_3314.png,"['all', 'many', 'many', 'almost all', 'almost all']"
3317,data/images/quantifier/test_3317.png,"['some', 'all', 'few', 'all', 'many']"
3318,data/images/quantifier/test_3318.png,"['almost all', 'many', 'many', 'almost all', 'many']"
3329,data/images/quantifier/test_3329.png,"['many', 'many', 'many', 'many', 'many']"
3333,data/images/quantifier/test_3333.png,"['many', 'all', 'some', 'none', 'almost all']"
3334,data/images/quantifier/test_3334.png,"['the smaller part', 'many', 'many', 'many', 'all']"
3335,data/images/quantifier/test_3335.png,"['many', 'most', 'none', 'all', 'none']"
3345,data/images/quantifier/test_3345.png,"['almost all', 'some', 'some', 'all', 'most']"
3350,data/images/quantifier/test_3350.png,"['the smaller part', 'some', 'most', 'many', 'almost none']"
3354,data/images/quantifier/test_3354.png,"['the smaller part', 'some', 'almost all', 'most', 'many']"
3358,data/images/quantifier/test_3358.png,"['most', 'most', 'few', 'almost all', 'some']"
3364,data/images/quantifier/test_3364.png,"['most', 'few', 'most', 'all', 'none']"
3367,data/images/quantifier/test_3367.png,"['many', 'the smaller part', 'many', 'many', 'most']"
3368,data/images/quantifier/test_3368.png,"['none', 'many', 'many', 'most', 'many']"
3376,data/images/quantifier/test_3376.png,"['all', 'the smaller part', 'almost all', 'almost none', 'almost none']"
3378,data/images/quantifier/test_3378.png,"['none', 'almost none', 'none', 'all', 'some']"
3380,data/images/quantifier/test_3380.png,"['most', 'few', 'the smaller part', 'almost all', 'almost all']"
3384,data/images/quantifier/test_3384.png,"['some', 'most', 'most', 'the smaller part', 'all']"
3385,data/images/quantifier/test_3385.png,"['few', 'many', 'many', 'almost none', 'none']"
3387,data/images/quantifier/test_3387.png,"['almost none', 'all', 'some', 'many', 'most']"
3394,data/images/quantifier/test_3394.png,"['almost all', 'the smaller part', 'few', 'some', 'almost none']"
