image,number label,actual name,familiarity score,nameability score,color saliency,texture saliency,fromage_output
data/images/noun/2001-600.jpg,2001,bee have trap,19,50,66,14,"[['a ball of plastic in a glass of water.'], ['the image is a picture of a person with a pair of glasses.'], ['the image is a picture of a man with a pair of glasses.'], ['a person with a smile on his face.'], ['a bunch of balls!']]"
data/images/noun/2002-600.jpg,2002,bookend,22,83,59,9,"[['a red flower, a white bird, a black cat, a white cat, a red bird, a white bird, a black cat, a red bird,'], ['a person in a red dress.'], ['a person holding a red flower.'], ['a red and white ceramic sculpture of a woman holding a flower.'], ['a man holding a flower.']]"
data/images/noun/2003-600.jpg,2003,fidget toy,59,74,19,0,"[['a: a: a: a: a: a: a: a: a: a: a: a: a: a: a: a:'], ['a: a: a: a: a: a: a: a: a: a: a: a: a: a: a: a:'], ['a: a: a: a: a: a: a: a: a: a: a: a: a: a: a: a:'], ['a cube with a line through it.'], ['i see a colorful toy with a colorful rope.']]"
data/images/noun/2004-600.jpg,2004,pencil sharpener,41,70,48,52,"[['a lot of people are looking for a new product that can help them to get rid of their wrinkles.'], ['a man with a fishing rod and a hook.'], ['a fish with a red spot on its head.'], ['a fish swimming in a pond.'], ['a: a: a: a: a: a: a: a: a: a: a: a: a: a: a: a:']]"
data/images/noun/2005-600.jpg,2005,fish tank stone,6,25,81,13,"[['a crown of gold.'], ['a beautiful flower.'], ['a rainbow of colors, a rainbow of colors, a rainbow of colors, a rainbow of colors, a rainbow of colors, a rainbow of colors, a rainbow'], ['a lot of people are seeing a lot of different things in this image.'], ['the image is a representation of a rainbow.']]"
data/images/noun/2006-600.jpg,2006,space ship top,34,64,31,3,"[['a model of the spacecraft.'], ['the image shows the first prototype of the spacecraft.'], ['a spacecraft.'], ['a model of the spacecraft.'], ['a spacecraft in orbit around the earth.']]"
data/images/noun/2007-600.jpg,2007,air blower for slr cameras,22,46,78,6,"[['a ball with a hole in it.'], ['a: a: a: a: a: a: a: a: a: a: a: a: a: a: a: a:'], ['a ball with a red dot on it.'], ['a ball, a ball, a ball.'], ['a: a: a: a: a: a: a: a: a: a: a: a: a: a: a: a:']]"
data/images/noun/2008.jpg,2008,curlers formed together,34,25,48,16,"[['a: a: a: a: a: a: a: a: a: a: a: a: a: a: a: a:'], ['a man with a gun.'], ['i see a person with a blue head and a white body.'], ['a ball of wire.'], ['a ball of rubber in a box.']]"
data/images/noun/2009-600.jpg,2009,dog toy,47,78,65,45,"[['a 3d model of a dog.'], ['a 3d model of a plant'], ['a: a: a: a: a: a: a: a: a: a: a: a: a: a: a: a:'], ['a 3d model of a dog, made of polymer clay.'], ['a ball of ice, frozen in the shape of a ball.']]"
data/images/noun/2010-600.jpg,2010,dog toy pet shop,66,52,50,25,"[['a: a: a: a: a: a: a: a: a: a: a: a: a: a: a: a:'], ['a red ball with a white stripe.'], ['a red ball with a white dot on it.'], ['a red and white ball with a hole in the middle.'], ['a 3d model of a dog.']]"
data/images/noun/2011-600.jpg,2011,noisemaker,22,75,88,3,[]
data/images/noun/2012-600.jpg,2012,coiled worm toy,41,50,59,41,[]
data/images/noun/2013-600.jpg,2013,sling shot,6,20,87,6,[]
data/images/noun/2014-600.jpg,2014,this light-up toy,38,75,39,0,[]
data/images/noun/2015-600.jpg,2015,ball catcher,38,78,55,10,[]
data/images/noun/2016 600dpi.jpg,2016,bird toy,28,21,61,6,[]
data/images/noun/2017-600.jpg,2017,kenetic wheel,41,29,23,13,[]
data/images/noun/2018-600.jpg,2018,this coils string,16,50,61,6,[]
data/images/noun/2019-600.jpg,2019,cat nip toy,31,67,38,25,[]
data/images/noun/2020.jpg,2020,jacobs ladder,41,36,29,6,[]
data/images/noun/2021-600.jpg,2021,foam arrow,9,29,84,3,[]
data/images/noun/2022-600.jpg,2022,marker,9,15,70,13,[]
data/images/noun/2023-600.jpg,2023,color changing ball,13,31,87,17,[]
data/images/noun/2024-600.jpg,2024,connected disk toy,81,44,41,3,[]
data/images/noun/2025-600.jpg,2025,boomerang,6,14,58,13,[]
data/images/noun/2026-600.jpg,2026,dog toy,16,71,63,17,[]
data/images/noun/2027-600.jpg,2027,room freshener toy,22,38,47,9,[]
data/images/noun/2028-600.jpg,2028,cat toy found at the pound store,6,47,53,63,[]
data/images/noun/2029-600.jpg,2029,cover for room fresheners,19,27,65,16,[]
data/images/noun/2030-600.jpg,2030,marker,9,43,53,0,[]
data/images/noun/2031.jpg,2031,book end,16,32,35,26,[]
data/images/noun/2032-600.jpg,2032,submarine,47,90,50,3,[]
data/images/noun/2033-600.jpg,2033,cat toy cage,9,57,55,3,[]
data/images/noun/2034-600.jpg,2034,worm ball with cut off hands or stars,72,39,45,26,[]
data/images/noun/2035-600.jpg,2035,giant pen with pen tip removed and cooper scourer pad on top,13,54,47,13,[]
data/images/noun/2036-600.jpg,2036,cup-and-ball toy,59,70,20,20,[]
data/images/noun/2037-600.jpg,2037,teething ring with a bit photoshopped out,34,24,37,3,[]
data/images/noun/2038-600.jpg,2038,heart shaped slinky,56,63,26,6,[]
data/images/noun/2039-600.jpg,2039,led top,28,64,61,13,[]
data/images/noun/2040-600.jpg,2040,rubber toy found in toy aisle,31,64,63,16,[]
data/images/noun/2041-600.jpg,2041,massager,34,38,23,20,[]
data/images/noun/2042-600.jpg,2042,small personal fan without blades,38,67,81,3,[]
data/images/noun/2043.jpg,2043,clacker,66,76,65,6,[]
data/images/noun/2044-600.jpg,2044,diving toy with small weight,6,27,94,6,[]
data/images/noun/2045-600.jpg,2045,wooden ball toy,25,29,3,55,[]
data/images/noun/2046-600.jpg,2046,keychain with bubbles inside,34,67,42,3,[]
data/images/noun/2047-600.jpg,2047,perfume sprayer,41,32,50,3,[]
data/images/noun/2048-600.jpg,2048,worm ball with hands and stars cut off,13,47,55,6,[]
data/images/noun/2049-600.jpg,2049,slide whistle,19,44,39,10,[]
data/images/noun/2050-600.jpg,2050,mobile phone stand for a car,31,68,45,0,[]
data/images/noun/2051-600.jpg,2051,finger castanet,53,60,47,9,[]
data/images/noun/2052-600.jpg,2052,noisemaker,41,53,63,7,[]
data/images/noun/2053-600.jpg,2053,hand castanet,44,79,45,6,[]
data/images/noun/2054-600.jpg,2054,floating ball game,3,25,38,48,[]
data/images/noun/2055-600.jpg,2055,aroma therapy oil burner,13,33,53,13,[]
data/images/noun/2056-600.jpg,2056,dog toy,19,59,61,13,[]
data/images/noun/2057-600.jpg,2057,spout for watering can,34,32,35,3,[]
data/images/noun/2058-600.jpg,2058,hole for children golf game,22,33,58,3,[]
data/images/noun/2059-600.jpg,2059,maraca pen,75,92,28,0,[]
data/images/noun/2060-600.jpg,2060,dog toy with removed rope,38,32,55,29,[]
data/images/noun/2061-600.jpg,2061,dog toy,53,53,59,13,[]
data/images/noun/2062-600.jpg,2062,dog toy,44,56,29,42,[]
data/images/noun/2063-600.jpg,2063,magic loops,25,38,13,19,[]
data/images/noun/2064-600.jpg,2064,massager,28,33,45,3,[]
