image_path,number label,actual name,familiarity score,nameability score,color saliency,texture saliency,"FROMAGe, nucleus, caption_1","FROMAGe, nucleus, saliency_1","FROMAGe, nucleus, caption_2","FROMAGe, nucleus, saliency_2","FROMAGe, nucleus, caption_3","FROMAGe, nucleus, saliency_3","FROMAGe, nucleus, caption_4","FROMAGe, nucleus, saliency_4","FROMAGe, nucleus, caption_5","FROMAGe, nucleus, saliency_5","FROMAGe, nucleus, caption_6","FROMAGe, nucleus, saliency_6","FROMAGe, nucleus, caption_7","FROMAGe, nucleus, saliency_7","FROMAGe, nucleus, caption_8","FROMAGe, nucleus, saliency_8","FROMAGe, nucleus, caption_9","FROMAGe, nucleus, saliency_9","FROMAGe, nucleus, caption_10","FROMAGe, nucleus, saliency_10",fromage_saliency_rate,model_color_saliency,color_pearsonr,model_texture_saliency,texture_pearsonr
data/images/noun/2001-600.jpg,2001,bee have trap,19,50,66,14, A pair of glasses.,"([], [])", The image is a representation of a human hand.,"([], [])", A little ball with a smiley face.,"([], [])", A pair of glasses!,"([], [])", A pair of glasses.,"([], [])", A pair of glasses.,"([], [])", The image shows a blue ball in the center of a white circle.,"(['Blue', 'White'], [])", A lot of people are having a hard time to see the image.,"([], ['Hard'])", The image is a representation of a person's hand.,"([], [])", A set of 3 balls in a row.,"([], [])","(10, 10)",10,0.21798948579031271,10,0.15229419323563126
data/images/noun/2002-600.jpg,2002,bookend,22,83,59,9, A man in a red dress with a red umbrella.,"(['Red'], [])", A red ball in a glass of water.,"(['Red'], [])"," A man and a woman, both of them are holding a red flower.","(['Red'], [])"," A person, a person, a person, a person, a person, a person, a person, a person, a person, a person, a person","([], [])", A beautiful red wine glass with a gold rim.,"(['Red', 'Gold'], [])"," A person, a person, a person, a person, a person, a person, a person, a person, a person, a person, a person","([], [])", A person with a red dress.,"(['Red'], [])", A red wine glass with a white figure on it.,"(['Red', 'White'], [])", A beautiful red and white vase with a white figure.,"(['Red', 'White'], [])"," A beautiful woman, in the middle of the image, with a flower in her hand.","([], [])","(70, 0)",70,0.21798948579031271,0,0.15229419323563126
data/images/noun/2003-600.jpg,2003,fidget toy,59,74,19,0, A bunch of blocks of different colors.,"([], [])", A set of interlocking cubes.,"([], [])", A: A : A : A : A : A : A : A : A : A : A : A : A : A : A : A :,"([], [])", A set of colorful blocks.,"([], [])", I see a child playing with a set of blocks.,"([], [])", The image is a representation of a cube with a twist.,"([], [])", A: A: A: A: A: A: A: A: A: A: A: A: A: A: A: A:,"([], [])", A: A: A: A: A: A: A: A: A: A: A: A: A: A: A: A:,"([], [])", The image is a representation of the letter Q.,"([], [])", A: A: A: A: A: A: A: A: A: A: A: A: A: A: A: A:,"([], [])","(0, 0)",0,0.21798948579031271,0,0.15229419323563126
data/images/noun/2004-600.jpg,2004,pencil sharpener,41,70,48,52," A person with a yellow cap, a red body and a red arm.","(['Red', 'Yellow'], [])", The image shows a man wearing a hat.,"([], [])", A man with a red hat and a white shirt.,"(['Red', 'White'], [])", A person with a white helmet and a yellow helmet.,"(['Yellow', 'White'], [])", A man wearing a pair of glasses.,"([], [])", A man and a woman are holding hands.,"([], [])", A man with a big nose.,"([], [])", A yellow ball with a red dot in the middle.,"(['Red', 'Yellow'], [])", A yellow ball with a white stripe and a white dot.,"(['Yellow', 'White'], [])", A circle with a dot in the middle.,"([], [])","(50, 0)",50,0.21798948579031271,0,0.15229419323563126
data/images/noun/2005-600.jpg,2005,fish tank stone,6,25,81,13," A crown, which is a symbol of royalty.","([], [])"," The image is a rainbow, but the colors are not the same as the rainbow.","([], [])", A crown.,"([], [])", A gold crown.,"(['Gold'], [])", The image is a rainbow of colors.,"([], [])", The image shows a white crown with a pink crown on top of it.,"(['Pink', 'White'], [])", The image is a 3D rendering of a pink and white feather.,"(['Pink', 'White'], [])", I see a crown with a blue background.,"(['Blue'], [])", A golden crown!,"(['Gold'], [])", The image is a 3D model of a skull.,"([], [])","(50, 0)",50,0.21798948579031271,0,0.15229419323563126
data/images/noun/2006-600.jpg,2006,space ship top,34,64,31,3, The image shows the model of the ship in the game.,"([], [])", This is a model of the space shuttle.,"([], [])", A small model of a space shuttle.,"([], [])", This is a close up of the space shuttle in the movie.,"([], [])", This is a photo of a model of a spacecraft.,"([], [])", This is a model of the spacecraft.,"([], [])"," A rocket ship, the main character of the film.","([], [])"," The image shows the model of the spacecraft, which is a small model of the spacecraft.","([], [])"," A spacecraft, the first one in the series.","([], [])", A model of a spacecraft.,"([], [])","(0, 0)",0,0.21798948579031271,0,0.15229419323563126
data/images/noun/2007-600.jpg,2007,air blower for slr cameras,22,46,78,6, A ball with a red dot on it.,"(['Red'], [])", A: A: A: A: A: A: A: A: A: A: A: A: A: A: A: A:,"([], [])"," A red ball, a white ball, a yellow ball, a blue ball, a green ball, a red ball, a white ball, a yellow ball,","(['Red', 'Yellow', 'Green', 'Blue', 'White'], [])", A rubber ball with a hole in it.,"([], ['Rubber'])", A rubber ball.,"([], ['Rubber'])", A small red ball.,"(['Red'], [])", A red ball in a black container.,"(['Red', 'Black'], [])"," A red ball, which is used for measuring the volume of a liquid.","(['Red'], [])", A: A: A: A: A: A: A: A: A: A: A: A: A: A: A: A:,"([], [])", A rubber ball with a red dot on it.,"(['Red'], ['Rubber'])","(60, 30)",60,0.21798948579031271,30,0.15229419323563126
data/images/noun/2008.jpg,2008,curlers formed together,34,25,48,16, I see a bunch of people in a line.,"([], [])", A pair of arms reaching out from the center of the image.,"([], [])", A: A: A: A: A: A: A: A: A: A: A: A: A: A: A: A:,"([], [])", The image shows a pair of hands with a red and blue colored ball in each hand.,"(['Red', 'Blue'], [])"," A ball, a ball, a ball, a ball, a ball, a ball, a ball, a ball, a ball, a ball, a ball","([], [])", I see a lot of colors and a lot of lines.,"([], [])", The image is a representation of the relationship between the forces of the system.,"([], [])"," I see a person with a long, thin, and flexible arm.","([], [])", I see a man with a cane and a woman with a walking stick.,"([], [])", The image shows a person with a cane.,"([], [])","(10, 0)",10,0.21798948579031271,0,0.15229419323563126
data/images/noun/2009-600.jpg,2009,dog toy,47,78,65,45," A plant, in the image, it has a stem, leaves, and a flower.","([], [])", A: A: A: A: A: A: A: A: A: A: A: A: A: A: A: A:,"([], [])", A ball of yarn,"([], [])", A ball of red yarn with a green and white ball of yarn on it.,"(['Red', 'Green', 'White'], [])", A coral reef.,"(['Coral'], [])", A ball of ice!,"([], [])", A ball of yarn,"([], [])", I see a flower in the image.,"([], [])", A 3D model of a plant.,"([], [])", A ball of yarn,"([], [])","(20, 0)",20,0.21798948579031271,0,0.15229419323563126
data/images/noun/2010-600.jpg,2010,dog toy pet shop,66,52,50,25, I see a cute little ball of fur with a cute little tail and a cute little nose.,"([], [])", A: A: A: A: A: A: A: A: A: A: A: A: A: A: A: A:,"([], [])", A red ball with a white stripe.,"(['Red', 'White'], [])", A colorful ball with a hole in it.,"([], [])", A 3d model of a diamond.,"([], [])", A beautiful and colorful flower.,"([], [])", A 3D model of a dog in a 3D environment.,"([], [])", A: A: A: A: A: A: A: A: A: A: A: A: A: A: A: A:,"([], [])", A: A: A: A: A: A: A: A: A: A: A: A: A: A: A: A:,"([], [])", A dog!,"([], [])","(10, 0)",10,0.21798948579031271,0,0.15229419323563126
data/images/noun/2011-600.jpg,2011,noisemaker,22,75,88,3, A bird with a beak.,"([], [])", I see a person.,"([], [])", A: A: A: A: A: A: A: A: A: A: A: A: A: A: A: A:,"([], [])", A: A: A: A: A: A: A: A: A: A: A: A: A: A: A: A:,"([], [])", The image shows a man wearing a hat with a green and yellow flower on it.,"(['Yellow', 'Green'], [])", I see a green plastic toy with a green plastic handle.,"(['Green'], ['Plastic'])"," I see a bird with a beak, a head, and a body.","([], [])", A person holding a flower.,"([], [])", A duck.,"([], [])", A bunch of people with their hands in the air.,"([], [])","(20, 10)",20,0.21798948579031271,10,0.15229419323563126
data/images/noun/2012-600.jpg,2012,coiled worm toy,41,50,59,41, A red ball with a white center.,"(['Red', 'White'], [])", A red ball with a white center.,"(['Red', 'White'], [])", A coral reef.,"(['Coral'], [])", This is a close up of a small mushroom.,"([], [])"," This image shows a red mushroom, which is a type of fungi.","(['Red'], [])", The image shows a red ball with a white spot.,"(['Red', 'White'], [])", A red octopus.,"(['Red'], [])", A pink and white ball with a red dot on it.,"(['Red', 'Pink', 'White'], [])", A small red ball with a white spot on the top.,"(['Red', 'White'], [])", A single cell of a living organism.,"([], [])","(80, 0)",80,0.21798948579031271,0,0.15229419323563126
data/images/noun/2013-600.jpg,2013,sling shot,6,20,87,6, A man wearing a hat and holding a stick.,"([], [])"," I see a man with a big head and a big smile, he is wearing a hat and a long coat.","([], [])", The image is a part of a series of images.,"([], [])"," A person, in a red, white and blue costume.","(['Red', 'Blue', 'White'], [])", A man with a red cap and a white helmet.,"(['Red', 'White'], [])", The image shows a person holding a ball in his hand.,"([], [])"," The image shows a person with a long, thin, flexible, and flexible body.","([], [])"," A man in a red shirt, a red cap, and a red hat.","(['Red'], [])", I see a person in a red outfit.,"(['Red'], [])", A person is walking on a road.,"([], [])","(40, 0)",40,0.21798948579031271,0,0.15229419323563126
data/images/noun/2014-600.jpg,2014,this light-up toy,38,75,39,0, A ball with a light inside!,"([], [])", A toy that you can spin and make a noise.,"([], [])", I see a cute little animal.,"([], [])", The image shows the toy that you can buy in the store.,"([], [])", The image shows the toy in the box.,"([], [])", A toy with a ball and a handle.,"([], [])", A toy that is made of plastic and has a ball in the middle.,"([], ['Plastic'])", A: A: A: A: A: A: A: A: A: A: A: A: A: A: A: A:,"([], [])", I see a lot of toys!,"([], [])", The image shows the toy.,"([], [])","(0, 10)",0,0.21798948579031271,10,0.15229419323563126
data/images/noun/2015-600.jpg,2015,ball catcher,38,78,55,10, A white car with a blue and white stripe.,"(['Blue', 'White'], [])", I see a lot of blue and white.,"(['Blue', 'White'], [])", A wheel of a car.,"([], [])", The image is a representation of a water drop.,"([], [])", The image is a representation of a person's face.,"([], [])", I see a white and blue car with a red and blue stripe.,"(['Red', 'Blue', 'White'], [])", The image is a picture of a person with a white background.,"([], [])", The image shows a person with a white cap.,"(['White'], [])", I see a lot of people in the image.,"([], [])", I see a wheel in the image.,"([], [])","(40, 0)",40,0.21798948579031271,0,0.15229419323563126
data/images/noun/2016 600dpi.jpg,2016,bird toy,28,21,61,6, A person holding a broom.,"([], [])", I see a pile of laundry.,"([], ['Dry'])", A blue and white plastic ball with a blue and white plastic handle.,"(['Blue', 'White'], ['Plastic'])", A man in a blue jacket with a white collar.,"(['Blue', 'White'], [])", A rubber ducky.,"([], ['Rubber'])", A: A: A: A: A: A: A: A: A: A: A: A: A: A: A: A:,"([], [])", A pile of blue towels.,"(['Blue'], [])", A: A: A: A: A: A: A: A: A: A: A: A: A: A: A: A:,"([], [])", I see a man wearing a blue sweater and a blue cap.,"(['Blue'], [])", A blue plastic spool of thread.,"(['Blue'], ['Plastic'])","(50, 40)",50,0.21798948579031271,40,0.15229419323563126
data/images/noun/2017-600.jpg,2017,kenetic wheel,41,29,23,13," I see a lot of people, and I see a lot of people, and I see a lot of people, and I see a lot of people, and","([], [])", The image shows a person in a wheelchair.,"([], [])", A: A: A: A: A: A: A: A: A: A: A: A: A: A: A: A:,"([], [])", A: The image shows a model of a boat with a person on it.,"([], [])", The image is a 3d model of a ball rolling on a flat surface.,"([], [])"," The image is a representation of a ship, which is a type of boat.","([], [])", A: A: A: A: A: A: A: A: A: A: A: A: A: A: A: A:,"([], [])", I see a bunch of people in a circle.,"([], [])", I see a person sitting on a chair with a ball on the end of a rope.,"([], [])", The image shows a person on a swing.,"([], [])","(0, 0)",0,0.21798948579031271,0,0.15229419323563126
data/images/noun/2018-600.jpg,2018,this coils string,16,50,61,6, The image is a light bulb.,"([], [])", A person wearing a helmet.,"([], [])", The image shows the light bulb.,"([], [])", A lamp.,"([], [])", A person in a car.,"([], [])", The image shows a light bulb with a reflector.,"([], [])", A light bulb with a bulb holder.,"([], [])", This is a picture of a new product that we are going to launch in the market.,"([], [])"," The image shows the product, you can see the product in the image.","([], [])", A person in a circle.,"([], [])","(0, 0)",0,0.21798948579031271,0,0.15229419323563126
data/images/noun/2019-600.jpg,2019,cat nip toy,31,67,38,25, A yellow ball with a white face.,"(['Yellow', 'White'], [])", A: A: A: A: A: A: A: A: A: A: A: A: A: A: A: A:,"([], [])", A duck.,"([], [])"," A little bird, flying in the air.","([], [])", A group of people in a room.,"([], [])", A yellow bird with a white beak and a black body.,"(['Yellow', 'Black', 'White'], [])", A person.,"([], [])", A: A: A: A: A: A: A: A: A: A: A: A: A: A: A: A:,"([], [])", A duck with a crown and a yellow hat.,"(['Yellow'], [])", A yellow ball with a white dot on it.,"(['Yellow', 'White'], [])","(40, 0)",40,0.21798948579031271,0,0.15229419323563126
data/images/noun/2020.jpg,2020,jacobs ladder,41,36,29,6, The image shows a stack of chairs in a row.,"([], [])", A set of three stackable chairs.,"([], [])", This is a set of 3 stacking cups.,"([], [])"," It is a set of four chairs, each with a different color.","([], [])", A set of 4 chairs.,"([], [])", The image shows the different types of chairs that you can buy for your home.,"([], [])", The image shows a stack of chairs.,"([], [])", The image shows a set of 4 cubes that can be stacked on top of each other.,"([], [])", The image shows a stack of chairs.,"([], [])", The image shows a stack of chairs.,"([], [])","(0, 0)",0,0.21798948579031271,0,0.15229419323563126
data/images/noun/2021-600.jpg,2021,foam arrow,9,29,84,3, I see a bunch of people who are trying to sell you something.,"([], [])", The image shows a 3D model of a person.,"([], [])", The image shows the color of the pencils.,"([], [])", This image shows a rubber band with a loop on the end.,"([], ['Rubber'])", The image shows the different colors of the different types of rubber used in the manufacture of the product.,"([], ['Rubber'])", I see a bunch of people with different colored hair.,"(['Red'], [])", The image shows the difference between the two types of rubber.,"([], ['Rubber'])", This image shows the inner part of the ear canal.,"([], [])"," I see a person with a hat, a pair of glasses, a pair of shoes, and a pair of socks.","([], [])", The image shows a person with a black headband.,"(['Black'], [])","(20, 30)",20,0.21798948579031271,30,0.15229419323563126
data/images/noun/2022-600.jpg,2022,marker,9,15,70,13," I see a person with a hat, a person with a helmet, a person with a mask, a person with a mask and a person with a cap.","([], [])", I see a man in a white suit with a red tie.,"(['Red', 'White'], [])", This is a photo of a part of a water bottle.,"([], [])", I see a man wearing a hat.,"([], [])", The image shows a person wearing a hat.,"([], [])", The image is of a person wearing a hat.,"([], [])", A man wearing a hat.,"([], [])", A: A: A: A: A: A: A: A: A: A: A: A: A: A: A: A:,"([], [])", The image shows a person wearing a hat.,"([], [])", This is a picture of a person wearing a hat.,"([], [])","(10, 0)",10,0.21798948579031271,0,0.15229419323563126
data/images/noun/2023-600.jpg,2023,color changing ball,13,31,87,17, A man in a white suit and a white hat,"(['White'], [])", I see a flower with a stem and a bunch of petals.,"([], [])", A man in a white suit with a hat and a white umbrella.,"(['White'], [])", I see a bunch of people in a circle.,"([], [])", A lot of things.,"([], [])", A bunch of balls!,"([], [])", A bunch of circles,"([], [])", A man with a white mask on his face.,"(['White'], [])", A beautiful flower.,"([], [])", A beautiful flower in the shape of a cube.,"([], [])","(30, 0)",30,0.21798948579031271,0,0.15229419323563126
data/images/noun/2024-600.jpg,2024,connected disk toy,81,44,41,3, I see a man with a big head and a small body.,"([], [])", I see a bunch of toys and a couple of people playing with them.,"([], [])", The image is a picture of a ship in a stormy sea.,"([], [])", A wheel on a stick.,"([], [])", A spinning wheel with a red and blue color.,"(['Red', 'Blue'], [])", A child's toy.,"([], [])", The image is a simple puzzle that can be solved by children.,"([], [])", I see a set of blocks.,"([], [])", I see a man with a gun.,"([], [])", The image shows a man with a red hat and a red umbrella.,"(['Red'], [])","(20, 0)",20,0.21798948579031271,0,0.15229419323563126
data/images/noun/2025-600.jpg,2025,boomerang,6,14,58,13, I see a blue and white pattern.,"(['Blue', 'White'], [])"," I see a pair of legs, which are connected by a chain.","([], [])"," I see a person, standing, with a leg, holding a shoe, with a hand, holding a key, with a head, with a hat, with","(['Tan'], [])", I see a blue and white pair of shoes.,"(['Blue', 'White'], [])", A: A: A: A: A: A: A: A: A: A: A: A: A: A: A: A:,"([], [])", I see a blue and white ball.,"(['Blue', 'White'], [])", I see a pair of shoes in the image.,"([], [])", A person with a blue background and a white head.,"(['Blue'], [])", A pair of hands!,"([], [])"," I see a pool of water, and I see a person.","([], [])","(50, 0)",50,0.21798948579031271,0,0.15229419323563126
data/images/noun/2026-600.jpg,2026,dog toy,16,71,63,17, The image shows the color of the toy.,"([], [])", The image shows a person with a green head and a red body.,"(['Red', 'Green'], [])", The image shows a dog in a cage.,"([], [])", A: A: A: A: A: A: A: A: A: A: A: A: A: A: A: A:,"([], [])", The image shows a child playing with a toy.,"([], [])", The image shows the shape of a person.,"([], [])", The image is a picture of a toy dog.,"([], [])", I see a red and white ball with a green and blue ball on the end.,"(['Red', 'Green', 'Blue', 'White'], [])", The image shows a dog in a ball.,"([], [])", A person sitting on a chair.,"([], [])","(20, 0)",20,0.21798948579031271,0,0.15229419323563126
data/images/noun/2027-600.jpg,2027,room freshener toy,22,38,47,9, A man with a white hat and a white shirt.,"(['White'], [])"," A man holding a ball, with a white background.","([], [])", A small white ball on a white background.,"([], [])", The image shows a small ball on the left side of the image.,"([], [])", A person in a white box with a white light bulb in the center.,"(['White'], [])", A ball with a hole in it.,"([], [])", The image shows the image of the image of the image of the image of the image of the image of the image of the image of the image of the image,"([], [])", The image shows a person in a white coat.,"(['White'], [])", A man holding a ball in his hand.,"([], [])", The image is a picture of a white ball with a red dot in the middle.,"(['Red', 'White'], [])","(40, 0)",40,0.21798948579031271,0,0.15229419323563126
data/images/noun/2028-600.jpg,2028,cat toy found at the pound store,6,47,53,63, A flower with a ball in the center.,"([], [])"," This is a flower, a flower is a flower.","([], [])", This image shows a flower with a pink ball in the center.,"(['Pink'], [])", A pink ball with a white flower on top.,"(['Pink', 'White'], [])", A group of flowers in a pot.,"([], [])", A ball of pink and white flowers.,"(['Pink', 'White'], [])", A flower with a stem and a bud.,"([], [])", A flower with a crown on top.,"([], [])", This is a flower made of small balls.,"([], [])", A group of flowers with a crown on top.,"([], [])","(30, 0)",30,0.21798948579031271,0,0.15229419323563126
data/images/noun/2029-600.jpg,2029,cover for room fresheners,19,27,65,16, A person with a white mask.,"(['White'], [])", The image shows a black and white image of a car.,"(['Black', 'White'], [])", The image shows a set of gears.,"([], [])", A person is using a shovel to dig a hole.,"([], [])", The image shows the inner structure of a plastic.,"([], ['Plastic'])", A person holding a gun.,"([], [])", The image is a picture of a ball with a hole in it.,"([], [])", The image shows a person holding a gun.,"([], [])", A screwdriver.,"([], [])", A ball is being thrown from a distance of 10 meters.,"(['Tan'], [])","(30, 10)",30,0.21798948579031271,10,0.15229419323563126
data/images/noun/2030-600.jpg,2030,marker,9,43,53,0, A blue ball in a white box.,"(['Blue', 'White'], [])", A man with a white cap.,"(['White'], [])", A person.,"([], [])", A person with a red hat and a blue umbrella.,"(['Red', 'Blue'], [])", A lot of people are thinking that it is a flower but it is not.,"([], [])", A blue plastic ball with a white dot on it.,"(['Blue', 'White'], ['Plastic'])", The image shows a blue and white plastic toy with a blue and white plastic ball inside.,"(['Blue', 'White'], ['Plastic'])", A person with a mask.,"([], [])", A person with a mask.,"([], [])", A lot of people are thinking about the image.,"([], [])","(50, 20)",50,0.21798948579031271,20,0.15229419323563126
data/images/noun/2031.jpg,2031,book end,16,32,35,26, A bar that is made of a metal alloy that has a high strength to weight ratio.,"([], [])", A man is walking on the street.,"([], [])"," A screw, a bolt, a nut, a bolt, a screw, a bolt, a nut, a screw, a bolt, a screw, a bolt","([], [])", The image is of a steel beam with a square cross section.,"([], [])", I see a person with a white head and a black body.,"(['Black', 'White'], [])", A hand with a knife in it.,"([], [])"," A screw, and a wrench, and a nut, and a bolt, and a bolt, and a screw, and a wrench, and a nut, and","([], [])"," I see a small figure of a man, standing in the middle of the road.","(['Tan'], [])", The image is a drawing of a screw.,"([], [])", I see a pair of legs.,"([], [])","(20, 0)",20,0.21798948579031271,0,0.15229419323563126
data/images/noun/2032-600.jpg,2032,submarine,47,90,50,3, I see a lot of small dots.,"([], [])", The image is a toy.,"([], [])", A: A: A: A: A: A: A: A: A: A: A: A: A: A: A: A:,"([], [])", I see a child playing with a ball.,"([], [])", I see a lot of people.,"([], [])"," I see a yellow ball, a green ball, a red ball, a blue ball, a yellow ball, a white ball, a green ball, a blue","(['Red', 'Yellow', 'Green', 'Blue', 'White'], [])"," I see a lot of people, but I also see a lot of people, but I also see a lot of people, but I also see a lot of","([], [])", I see a plane.,"([], [])", I see a rocket flying in the sky.,"([], [])", The image is a toy that is made of plastic.,"([], ['Plastic'])","(10, 10)",10,0.21798948579031271,10,0.15229419323563126
data/images/noun/2033-600.jpg,2033,cat toy cage,9,57,55,3, A person in a wheelchair,"([], [])", The image shows a man carrying a basket.,"([], [])", The image shows a pile of bricks in a warehouse.,"([], [])", The image shows a bicycle.,"([], ['Icy'])", I see a wheelbarrow with a wheel and a handle.,"([], [])", The image shows a road with a line of cones.,"([], [])", A car.,"([], [])"," The image shows a set of wheels, each wheel has a different color.","([], [])", I see a white ball with a black rim.,"(['Black', 'White'], [])", I see a person in the image.,"([], [])","(10, 10)",10,0.21798948579031271,10,0.15229419323563126
data/images/noun/2034-600.jpg,2034,worm ball with cut off hands or stars,72,39,45,26, I see a pink and blue ball of yarn.,"(['Blue', 'Pink'], [])"," I see a lot of colors, shapes, and a lot of movement.","([], [])", I see a bunch of pink and green balloons that are floating in the air.,"(['Green', 'Pink'], [])", The image shows a pink ball with a white stripe.,"(['Pink', 'White'], [])", A pile of green and yellow confetti.,"(['Yellow', 'Green'], [])", A: A: A: A: A: A: A: A: A: A: A: A: A: A: A: A:,"([], [])", A colorful ball of yarn!,"([], [])", A colorful ball of yarn,"([], [])", A pile of colorful balloons.,"([], [])", The image shows a ball of yarn with a loop on the end.,"([], [])","(40, 0)",40,0.21798948579031271,0,0.15229419323563126
data/images/noun/2035-600.jpg,2035,giant pen with pen tip removed and cooper scourer pad on top,13,54,47,13, A ball of clay,"([], [])", A: A: A: A: A: A: A: A: A: A: A: A: A: A: A: A:,"([], [])", The image shows a blue rubber ball with a hole in it.,"(['Blue'], ['Rubber'])", A red ball with a white stripe.,"(['Red', 'White'], [])", A: A: A: A: A: A: A: A: A: A: A: A: A: A: A: A:,"([], [])", A red ball with a white stripe.,"(['Red', 'White'], [])", A: A: A: A: A: A: A: A: A: A: A: A: A: A: A: A:,"([], [])", A person with a beard.,"([], [])", A small red ball in a white box,"(['Red', 'White'], [])", A blue and white ball with a red handle.,"(['Red', 'Blue', 'White'], [])","(50, 10)",50,0.21798948579031271,10,0.15229419323563126
data/images/noun/2036-600.jpg,2036,cup-and-ball toy,59,70,20,20, A: A: A: A: A: A: A: A: A: A: A: A: A: A: A: A:,"([], [])", A : A : A : A : A : A : A : A : A : A : A : A : A : A : A : A :,"([], [])", A : A : A : A : A : A : A : A : A : A : A : A : A : A : A : A :,"([], [])", A : A : A : A : A : A : A : A : A : A : A : A : A : A : A : A :,"([], [])", A: A: A: A: A: A: A: A: A: A: A: A: A: A: A: A:,"([], [])", A: A: A: A: A: A: A: A: A: A: A: A: A: A: A: A:,"([], [])", A: A: A: A: A: A: A: A: A: A: A: A: A: A: A: A:,"([], [])", A: A : A : A : A : A : A : A : A : A : A : A : A : A : A : A :,"([], [])", A: A: A: A: A: A: A: A: A: A: A: A: A: A: A: A:,"([], [])", A: A : A : A : A : A : A : A : A : A : A : A : A : A : A : A :,"([], [])","(0, 0)",0,0.21798948579031271,0,0.15229419323563126
data/images/noun/2037-600.jpg,2037,teething ring with a bit photoshopped out,34,24,37,3, The image shows a pair of hands with fingers and pinky fingers in a ring.,"(['Pink'], [])", A pinkish pinkish purple ball with a white dot in the middle.,"(['Purple', 'Pink', 'White'], [])", A : A : A : A : A : A : A : A : A : A : A : A : A : A : A : A :,"([], [])", A group of people.,"([], [])"," A pair of hands, holding a heart.","([], [])", This image shows a person wearing a bracelet with a gem.,"([], [])", This is a picture of a woman with a ring on her finger.,"([], [])", A person wearing a bracelet.,"([], [])", A woman's hand with a ring on it.,"([], [])", A heart!,"([], [])","(20, 0)",20,0.21798948579031271,0,0.15229419323563126
data/images/noun/2038-600.jpg,2038,heart shaped slinky,56,63,26,6, A cloud of colorful balloons!,"([], [])", A cloud of colorful balloons!,"([], [])", I see a bunch of balloons.,"([], [])", A cloud!,"([], [])", The image is a representation of a cloud of colorful balloons.,"([], [])", A rainbow!,"([], [])", A cloud of plastic!,"([], ['Plastic'])", A rainbow!,"([], [])"," A rainbow, of course!","([], [])", I see a lot of colorful shapes in the image.,"([], [])","(0, 10)",0,0.21798948579031271,10,0.15229419323563126
data/images/noun/2039-600.jpg,2039,led top,28,64,61,13, A: A: A: A: A: A: A: A: A: A: A: A: A: A: A: A:,"([], [])", The image shows a set of four green plastic pieces.,"(['Green'], ['Plastic'])", I see a green circle with a white dot in the middle.,"(['Green', 'White'], [])", A green cube with a white cross.,"(['Green', 'White'], [])", I see a little person with a light bulb in his hand.,"([], [])", The image is a cross section of a cube with a hole in the middle.,"([], [])", I see a person with a smile.,"([], [])", The image shows the image of a small box with a keyhole.,"([], [])", The image shows the color of the image.,"([], [])", The image shows the image of a small ball.,"([], [])","(30, 10)",30,0.21798948579031271,10,0.15229419323563126
data/images/noun/2040-600.jpg,2040,rubber toy found in toy aisle,31,64,63,16," I see a ball, a ball, a ball, a ball, a ball, a ball, a ball, a ball, a ball, a ball,","([], [])", A soccer ball with a crown on it.,"([], [])", I see a ball of yarn.,"([], [])", I see a blue and white ball with a yellow rim.,"(['Yellow', 'Blue', 'White'], [])", A blue and white ball with a face.,"(['Blue', 'White'], [])", A blue ball with a yellow smiley face on it.,"(['Yellow', 'Blue'], [])", A ball with a face!,"([], [])"," A blue crab, a species of marine crustacean.","(['Blue', 'Rust'], [])", A football player.,"([], [])", A small ball with a face and a tail.,"([], [])","(40, 0)",40,0.21798948579031271,0,0.15229419323563126
data/images/noun/2041-600.jpg,2041,massager,34,38,23,20, A person with a ball in their hand.,"([], [])", The image shows a child playing with a ball.,"([], [])", A ball with a hole in it.,"([], [])", A person is holding a ball in his hand.,"([], [])", A child in a swing.,"([], [])", A group of people.,"([], [])", A group of people in a circle.,"([], [])", The image shows a person with a ball in his hand.,"([], [])", A person with a ball in his hand,"([], [])", The image shows a person holding a ball in their hand.,"([], [])","(0, 0)",0,0.21798948579031271,0,0.15229419323563126
data/images/noun/2042-600.jpg,2042,small personal fan without blades,38,67,81,3, The image is a toy that is shaped like a person.,"([], [])", The image is of a man wearing a hat.,"([], [])", The image is of a man with a white cap and a white glove.,"(['White'], [])", A person holding a gun.,"([], [])", A person is holding a stick in his hand.,"([], [])", A person in a white coat.,"(['White'], [])", A man in a white shirt and a blue tie.,"(['Blue', 'White'], [])", The image shows a person holding a gun.,"([], [])", The image is a picture of a person in a wheelchair.,"([], [])", A person with a white head and arms.,"(['White'], [])","(40, 0)",40,0.21798948579031271,0,0.15229419323563126
data/images/noun/2043.jpg,2043,clacker,66,76,65,6," A colorful toy, which is a toy for children.","([], [])", The image shows the toy.,"([], [])"," The image shows the toy, which is a plastic ball with a handle, which is connected to a string.","([], ['Plastic'])"," This toy is a ball with a bright color, it is very popular in the market, it is a toy for children.","([], [])"," The image shows the toy of a rubber ball, which is the toy of the child.","([], ['Rubber'])", A colorful toy with a long string.,"([], [])", This is a toy that is used to play with balls.,"([], [])", A toy with a ball on a string.,"([], [])", This is a toy that you can play with your children.,"([], [])", A ball that you can play with your child.,"([], [])","(0, 20)",0,0.21798948579031271,20,0.15229419323563126
data/images/noun/2044-600.jpg,2044,diving toy with small weight,6,27,94,6, I see a lot of dots in the image.,"([], [])"," I see a lot of balls, I see a lot of balls.","([], [])", I see a lot of people with a lot of money.,"([], [])", I see a lot of things that are not in the image.,"([], [])", I see a lot of balls in the image.,"([], [])", The image is a representation of the vector vector.,"([], [])", I see a group of people in a circle.,"([], [])", I see a lot of balls in the image.,"([], [])", I see a lot of people in the image.,"([], [])", I see a bunch of dots in the image.,"([], [])","(0, 0)",0,0.21798948579031271,0,0.15229419323563126
data/images/noun/2045-600.jpg,2045,wooden ball toy,25,29,3,55, A hand with a knife.,"([], [])", A person holding a knife with a long handle.,"([], [])", The image is a visual representation of the tool.,"([], [])", A man holding a knife in his hand,"([], [])", I see a hand holding a knife.,"([], [])", A tool used for cutting wood.,"([], [])", A hand holding a knife,"([], [])", I see a lot of different tools in the image.,"([], [])", The image shows a wooden board with a nail on it.,"([], ['Wooden'])", A wooden ruler with a handle and a metal ruler with a handle.,"([], ['Wooden'])","(0, 20)",0,0.21798948579031271,20,0.15229419323563126
data/images/noun/2046-600.jpg,2046,keychain with bubbles inside,34,67,42,3, A: A: A: A: A: A: A: A: A: A: A: A: A: A: A: A:,"([], [])", The image is a representation of a bottle of water.,"([], [])"," The image is a part of a puzzle, which you can find on the website.","([], [])", A person holding a key.,"([], [])", A: A: A: A: A: A: A: A: A: A: A: A: A: A: A: A:,"([], [])", A: A: A: A: A: A: A: A: A: A: A: A: A: A: A: A:,"([], [])", The image shows a keychain with a key and a bottle opener.,"([], [])", A: A: A: A: A: A: A: A: A: A: A: A: A: A: A: A:,"([], [])", A person holding a key in their hand.,"([], [])", I see a person with a pen and a phone.,"([], [])","(0, 0)",0,0.21798948579031271,0,0.15229419323563126
data/images/noun/2047-600.jpg,2047,perfume sprayer,41,32,50,3, The image shows the product in the packaging.,"([], [])", We are using the same color in our product.,"([], [])", This is a sample of the product.,"([], [])"," This is a picture of the product, the product is a bottle with a cap.","([], [])", We are using a high - resolution camera to take a picture of the product.,"([], [])", The image is a picture of a bottle of water.,"([], [])", We see a person wearing a hat.,"([], [])", This is a sample of our product.,"([], [])", This is the image of the product.,"([], [])", It is a black and white image of a product.,"(['Black', 'White'], [])","(10, 0)",10,0.21798948579031271,0,0.15229419323563126
data/images/noun/2048-600.jpg,2048,worm ball with hands and stars cut off,13,47,55,6, I see a lot of balls!,"([], [])", I see a lot of balls in the image.,"([], [])", I see a lot of colorful balls in the image.,"([], [])", A: A: A: A: A: A: A: A: A: A: A: A: A: A: A: A:,"([], [])", I see a lot of different colors and shapes.,"([], [])", I see a bunch of balls in a box.,"([], [])", A: I see a lot of balls.,"([], [])", I see a lot of colorful balls!,"([], [])", The image is a 3D model of a set of colorful balls.,"([], [])", A set of colorful balls in a row.,"([], [])","(0, 0)",0,0.21798948579031271,0,0.15229419323563126
data/images/noun/2049-600.jpg,2049,slide whistle,19,44,39,10, A: A: A: A: A: A: A: A: A: A: A: A: A: A: A: A:,"([], [])", A person holding a pen.,"([], [])", The image shows the image of a person's hand.,"([], [])", The image shows the inner part of the pen.,"([], [])", A: The image shows a person holding a pen and pencil.,"([], [])", The image shows a small part of a small metal ball.,"([], [])", The image shows a pencil with a wooden handle and a metal tip.,"([], ['Wooden'])", A blue and white pen with a cap on the end.,"(['Blue', 'White'], [])", The image is a close up of a tool used to measure the diameter of a pipe.,"([], [])", The image shows a blue pencil.,"(['Blue'], [])","(20, 10)",20,0.21798948579031271,10,0.15229419323563126
data/images/noun/2050-600.jpg,2050,mobile phone stand for a car,31,68,45,0, The image is of a small piece of the plastic part of the tire that is used to attach the tire to the rim.,"([], ['Plastic'])", The image shows the view from the top of the unit.,"([], [])", The image shows the inner part of the screw.,"([], [])", The image shows the inside of the fan.,"([], [])"," The image is a picture of the product, you can see the product in the image.","([], [])", The image shows the assembly of the wheel.,"([], [])", The image shows a picture of a screw.,"([], [])", This is a picture of a typical product with a small hole on the bottom of the product.,"([], [])", The image shows the product in the box.,"([], [])", This is a picture of a hydraulic cylinder with a cap on the end.,"([], [])","(0, 10)",0,0.21798948579031271,10,0.15229419323563126
data/images/noun/2051-600.jpg,2051,finger castanet,53,60,47,9, A woman sitting on a chair with a baby in her arms.,"([], [])"," A child in a swing, the swing is a common toy for children.","([], [])", A little girl playing with a ball.,"([], [])", I see a cute little girl with a cute little chair and a cute little table.,"([], [])", A plastic toy that is a chair.,"([], ['Plastic'])", A toy with a spring on the handle.,"([], [])", A child's toy with a red ball and a handle.,"(['Red'], [])"," A man holding a basket, a woman with a basket, a child with a basket, a basket on the ground, a basket on a table, a basket","([], [])", A little girl with a doll in her hand.,"([], [])", A plastic chair with a colorful umbrella.,"([], ['Plastic'])","(10, 20)",10,0.21798948579031271,20,0.15229419323563126
data/images/noun/2052-600.jpg,2052,noisemaker,41,53,63,7, The image shows a person holding a plant.,"([], [])", A: A: A: A: A: A: A: A: A: A: A: A: A: A: A: A:,"([], [])"," The image is a picture of a flower, and the flower has a stem, and a petal.","([], [])"," I see a man with a long, white, curved, and sharp object.","(['White'], ['Sharp'])", I see a person holding a flower in their hand.,"([], [])", A man with a long cane.,"([], [])", I see a bunch of people in a park.,"([], [])", I see a person with a hand.,"([], [])", The image shows a person with a long white cane.,"(['White'], [])"," I see a man with a long, white, umbrella.","(['White'], [])","(30, 10)",30,0.21798948579031271,10,0.15229419323563126
data/images/noun/2053-600.jpg,2053,hand castanet,44,79,45,6, The image shows a red and white pole with a metal sign on it.,"(['Red', 'White'], [])", The image shows a red and white pole with a sign on it.,"(['Red', 'White'], [])", The image is a vector illustration of a red cross.,"(['Red'], [])", The image is a picture of a person.,"([], [])", The image shows a red and white checkerboard pattern on a white background.,"(['Red'], [])", I see a red and white sign with a red cross on it.,"(['Red', 'White'], [])", I see a person holding a hammer.,"([], [])", I see a person holding a long pole.,"([], [])"," The image shows a person with a long stick, a pole, a staff, a staff, a staff, a staff, a staff, a staff, a","([], [])", The image is a close up of a single red arrow.,"(['Red'], [])","(60, 0)",60,0.21798948579031271,0,0.15229419323563126
data/images/noun/2054-600.jpg,2054,floating ball game,3,25,38,48, A: A: A: A: A: A: A: A: A: A: A: A: A: A: A: A:,"([], [])", I see a man holding a hammer in his hand.,"([], [])", A wooden hammer.,"([], ['Wooden'])", The image is a wooden toy of a hammer.,"([], ['Wooden'])", A: A: A: A: A: A: A: A: A: A: A: A: A: A: A: A:,"([], [])", A hand with a hammer and a sickle.,"([], [])"," I see a wooden spoon, a wooden spoon, a wooden spoon, a wooden spoon, a wooden spoon, a wooden spoon, a wooden spoon, a wooden","([], ['Wooden'])", The image is a wooden toy of a man in a red coat.,"(['Red'], ['Wooden'])"," The image shows a red wooden spoon, which is a tool used to stir food.","(['Red'], ['Wooden'])", A: A: A: A: A: A: A: A: A: A: A: A: A: A: A: A:,"([], [])","(20, 50)",20,0.21798948579031271,50,0.15229419323563126
data/images/noun/2055-600.jpg,2055,aroma therapy oil burner,13,33,53,13, I see a small green ball in a circle with a white border.,"(['Green', 'White'], [])", I see a lot of different things in this image.,"([], [])"," I see a chair and a table, and I see a lot of color.","([], [])", I see a person in a white dress with a black background.,"(['Black'], [])", A white and yellow flower with a green stem.,"(['Yellow', 'Green', 'White'], [])"," I see a person in a white dress, in the background.","([], [])", I see a lot of white and a lot of green.,"(['Green', 'White'], [])", I see a green chair with a yellow base.,"(['Yellow', 'Green'], [])", A man in a white suit is holding a ball of light in his hand.,"(['White'], [])"," I see a person in a chair, but it's not a person.","([], [])","(60, 0)",60,0.21798948579031271,0,0.15229419323563126
data/images/noun/2056-600.jpg,2056,dog toy,19,59,61,13, A dog and a duck.,"([], [])", The image shows a 3D model of a rocket.,"([], [])", A plane.,"([], [])", I see a bunch of people in a row.,"([], [])", The image shows a person holding a small toy in their hand.,"([], [])", A lot of people are going to be able to tell you what they see in the image.,"([], [])", A: A: A: A: A: A: A: A: A: A: A: A: A: A: A: A:,"([], [])", The image is a 3d model of a car.,"([], [])", I see a yellow and white toy truck with a red and blue stripe.,"(['Red', 'Yellow', 'Blue', 'White'], [])", The image shows a model of a ship.,"([], [])","(10, 0)",10,0.21798948579031271,0,0.15229419323563126
data/images/noun/2057-600.jpg,2057,spout for watering can,34,32,35,3, A red ball in the middle of the image.,"(['Red'], [])", The image is a picture of a man holding a red umbrella.,"(['Red'], [])", The image shows a person in a red coat.,"(['Red'], [])", A red and white circle.,"(['Red', 'White'], [])", A red and white image of a person.,"(['Red', 'White'], [])", The image shows a red ball in the middle of a white circle.,"(['Red', 'White'], [])"," A red ball, a green ball, a blue ball, a yellow ball, a red ball, a blue ball, a green ball, a yellow ball,","(['Red', 'Yellow', 'Green', 'Blue'], [])", A: A: A: A: A: A: A: A: A: A: A: A: A: A: A: A:,"([], [])"," A red and white ball, and a red and white circle.","(['Red', 'White'], [])", A: A: A: A: A: A: A: A: A: A: A: A: A: A: A: A:,"([], [])","(80, 0)",80,0.21798948579031271,0,0.15229419323563126
data/images/noun/2058-600.jpg,2058,hole for children golf game,22,33,58,3, A pink and white ball with a handle.,"(['Pink', 'White'], [])", A pink and purple balloon.,"(['Purple', 'Pink'], [])", A pink and white circle with a smiley face in the middle.,"(['Pink', 'White'], [])", The image is a representation of a circle with a dot in the middle.,"([], [])", A ring of pink flowers.,"(['Pink'], [])", A pink and white flower.,"(['Pink', 'White'], [])", A pink and white circle with a small white dot in the middle.,"(['Pink', 'White'], [])", A pink and white polka dot pattern.,"(['Pink', 'White'], [])", The image is a representation of the product.,"([], [])", A pink and white striped umbrella.,"(['Pink', 'White'], [])","(80, 0)",80,0.21798948579031271,0,0.15229419323563126
data/images/noun/2059-600.jpg,2059,maraca pen,75,92,28,0, A man and a woman are holding hands and the woman is smiling.,"([], [])"," A ball, a hand, a foot, a face, a body, a head, a body, a hand, a foot, a ball, a hand","([], [])", A woman with a ball in her hand.,"([], [])", A ball with a string.,"([], [])", A person in a white dress.,"(['White'], [])", A person with a white dress.,"(['White'], [])", A man with a long black cock.,"(['Black'], [])", A ball with a red dot on it.,"(['Red'], [])", A man with a penis.,"([], [])"," A person with a blue background, holding a ball.","(['Blue'], [])","(50, 0)",50,0.21798948579031271,0,0.15229419323563126
data/images/noun/2060-600.jpg,2060,dog toy with removed rope,38,32,55,29, A: A: A: A: A: A: A: A: A: A: A: A: A: A: A: A:,"([], [])", A lot of people are asking what do you see in the image.,"([], [])", A person with a red hat and a red umbrella.,"(['Red'], [])", A red ball with a white circle on top.,"(['Red', 'White'], [])"," A man is sitting on a chair, holding a cup.","([], [])", A lot of people have been asking me what I see in this image.,"([], [])", A lot of people have been asking me about this image.,"([], [])", The image is of a person with a red head and a red body.,"(['Red'], [])", The image shows a person with a red nose.,"(['Red'], [])"," A group of people in a circle, with a flower in the middle.","([], [])","(40, 0)",40,0.21798948579031271,0,0.15229419323563126
data/images/noun/2061-600.jpg,2061,dog toy,53,53,59,13, A colorful ball with a hole in the center.,"([], [])", A ball with a hole in it.,"([], [])", The image shows a green plastic ring with a hole in it.,"(['Green'], ['Plastic'])", A ball with a hole in it.,"([], [])", The image is a toy that I bought for my son.,"([], [])", The image shows a toy with a colorful wheel.,"([], [])", I see a toy in the image.,"([], [])", A: A: A: A: A: A: A: A: A: A: A: A: A: A: A: A:,"([], [])", I see a ball with a hole in it.,"([], [])", A colorful toy with a green base and a white ring.,"(['Green', 'White'], [])","(20, 10)",20,0.21798948579031271,10,0.15229419323563126
data/images/noun/2062-600.jpg,2062,dog toy,44,56,29,42, A ring with a lot of color.,"([], [])", A necklace with a pendant of a coral.,"(['Coral'], ['Lace'])"," A coral reef, a beautiful and colorful underwater world.","(['Coral'], [])", A coral necklace.,"(['Coral'], ['Lace'])", A beautiful orange and white necklace.,"(['Orange', 'White'], ['Lace'])"," A beautiful red coral, which is the main color of the image.","(['Red', 'Coral'], [])"," A coral necklace, a bracelet, a ring, a necklace, a ring, a necklace, a bracelet, a bracelet, a ring, a necklace, a","(['Coral'], ['Lace'])"," A red, orange, yellow, green, blue, white, pink, purple, black, and white patterned bracelet.","(['Red', 'Orange', 'Yellow', 'Green', 'Blue', 'Purple', 'Pink', 'Black', 'White'], [])", A beautiful necklace that is made of glass beads.,"([], ['Lace'])", I see a lot of yellow and orange.,"(['Orange', 'Yellow'], [])","(80, 50)",80,0.21798948579031271,50,0.15229419323563126
data/images/noun/2063-600.jpg,2063,magic loops,25,38,13,19, I see a lot of people in the image.,"([], [])", I see a lot of people and a lot of things.,"([], [])", I see a person with a ball in his hands.,"([], [])", I see a lot of things in this image.,"([], [])", I see a lot of different colors and shapes in this image.,"([], [])", I see a sphere with a rope attached to it.,"([], [])", A group of people walking in a circle.,"([], [])"," A lot of things, a lot of things, a lot of things, a lot of things, a lot of things, a lot of things, a lot","([], [])"," I see a circle of light, with a white ball inside.","(['White'], [])", I see a person with a ball on a chain.,"([], [])","(10, 0)",10,0.21798948579031271,0,0.15229419323563126
data/images/noun/2064-600.jpg,2064,massager,28,33,45,3, A: A: A: A: A: A: A: A: A: A: A: A: A: A: A: A:,"([], [])"," A person, a person, a person, a person, a person, a person, a person, a person, a person, a person, a person","([], [])", A ball with a handle,"([], [])", A : A : A : A : A : A : A : A : A : A : A : A : A : A : A : A :,"([], [])", I see a man with a green hat and a green umbrella.,"(['Green'], [])", A person in a wheelchair,"([], [])", A water fountain with a spout,"([], [])", I see a lot of things in this image.,"([], [])", A person holding a tool,"([], [])", A person with a smile on his face,"([], [])","(10, 0)",10,0.21798948579031271,0,0.15229419323563126
